id_ticket,id_cliente,data_abertura,canal,categoria,texto_reclamacao,csat,nps
T000000,C00000,2024-06-11,Chat,Dúvida,"Estou satisfeito com o serviço, tudo funcionando bem.",5,7
T000001,C00001,2024-02-11,Telefone,Dúvida,Gostaria de tirar uma dúvida sobre a minha fatura deste mês.,3,3
T000002,C00001,2024-06-22,Telefone,Dúvida,Gostaria de tirar uma dúvida sobre a minha fatura deste mês.,3,3
T000003,C00004,2023-03-03,Email,Dúvida,"Atendimento excelente, resolveram meu problema rapidamente. Obrigado, Rafael Ribeiro!",5,9
T000004,C00004,2023-03-24,Chat,Cobrança,Como faço para alterar meu plano? Podem me contatar no c00004@exemplo.com.br.,4,8
T000005,C00005,2025-08-06,Telefone,Cobrança,"Serviço caindo toda hora, um absurdo. Meu email é c00005@exemplo.com.br e ainda não recebi retorno.",3,5
T000006,C00008,2024-06-07,Telefone,Cancelamento,Estou muito insatisfeito. Liguei várias vezes para (11) 98765-4321 e ninguém resolve meu problema.,3,3
T000007,C00011,2023-05-19,Telefone,Dúvida,"Atendimento excelente, resolveram meu problema rapidamente. Obrigado, Elaine Melo!",5,8
T000008,C00011,2023-05-02,Email,Dúvida,"Atendimento excelente, resolveram meu problema rapidamente. Obrigado, Elaine Melo!",5,8
T000009,C00012,2025-01-05,Chat,Dúvida,"Estou satisfeito com o serviço, tudo funcionando bem.",4,6
T000010,C00014,2024-06-19,Telefone,Dúvida,"Atendimento excelente, resolveram meu problema rapidamente. Obrigado, Felipe Melo!",5,10
T000011,C00015,2023-09-01,Chat,Dúvida,"Estou satisfeito com o serviço, tudo funcionando bem.",5,6
T000012,C00017,2025-06-07,Email,Dúvida,"Muito bom o suporte de vocês, parabéns pela equipe.",4,10
T000013,C00019,2023-04-17,Telefone,Cancelamento,Já pedi cancelamento e continuam cobrando. Falar com Quezia Barbosa no telefone 21 3344-5566.,1,0
T000014,C00021,2024-02-17,Telefone,Dúvida,"Estou satisfeito com o serviço, tudo funcionando bem.",5,7
T000015,C00022,2023-06-21,Telefone,Dúvida,Gostaria de tirar uma dúvida sobre a minha fatura deste mês.,3,7
T000016,C00022,2025-07-14,Email,Dúvida,"Atendimento excelente, resolveram meu problema rapidamente. Obrigado, Nuno Gomes!",4,8
T000017,C00023,2024-04-24,Chat,Cobrança,Já pedi cancelamento e continuam cobrando. Falar com Marina Carvalho no telefone 21 3344-5566.,1,6
T000018,C00024,2023-08-19,Telefone,Dúvida,Gostaria de tirar uma dúvida sobre a minha fatura deste mês.,3,8
T000019,C00026,2023-07-10,Chat,Dúvida,"Preciso atualizar meus dados cadastrais, meu telefone é (31) 99888-7777.",4,5
T000020,C00027,2023-05-13,Email,Dúvida,"Estou satisfeito com o serviço, tudo funcionando bem.",5,10
T000021,C00028,2025-08-05,Email,Cobrança,"Serviço caindo toda hora, um absurdo. Meu email é c00028@exemplo.com.br e ainda não recebi retorno.",3,6
T000022,C00032,2025-03-04,Telefone,Cobrança,Como faço para alterar meu plano? Podem me contatar no c00032@exemplo.com.br.,4,7
T000023,C00033,2023-05-12,Telefone,Dúvida,"Atendimento excelente, resolveram meu problema rapidamente. Obrigado, Lucas Oliveira!",3,6
T000024,C00034,2023-02-17,Chat,Dúvida,"Atendimento excelente, resolveram meu problema rapidamente. Obrigado, Rafael Ribeiro!",5,10
T000025,C00036,2023-07-04,Email,Dúvida,"Atendimento excelente, resolveram meu problema rapidamente. Obrigado, Isabela Souza!",4,7
T000026,C00040,2024-12-03,Chat,Cobrança,Como faço para alterar meu plano? Podem me contatar no c00040@exemplo.com.br.,4,7
T000027,C00041,2024-05-25,Chat,Dúvida,Gostaria de tirar uma dúvida sobre a minha fatura deste mês.,4,7
T000028,C00043,2023-10-26,Telefone,Cobrança,"Preciso atualizar meus dados cadastrais, meu telefone é (31) 99888-7777.",4,7
T000029,C00044,2024-07-14,Chat,Dúvida,"Muito bom o suporte de vocês, parabéns pela equipe.",5,9
T000030,C00050,2024-11-07,Chat,Dúvida,"Atendimento excelente, resolveram meu problema rapidamente. Obrigado, Carla Ribeiro!",4,6
T000031,C00050,2023-01-25,Email,Dúvida,"Estou satisfeito com o serviço, tudo funcionando bem.",4,6
T000032,C00051,2023-04-07,Telefone,Dúvida,"Preciso atualizar meus dados cadastrais, meu telefone é (31) 99888-7777.",3,7
T000033,C00053,2023-08-05,Chat,Dúvida,"Estou satisfeito com o serviço, tudo funcionando bem.",4,7
T000034,C00053,2023-12-08,Email,Dúvida,"Preciso atualizar meus dados cadastrais, meu telefone é (31) 99888-7777.",3,6
T000035,C00056,2023-07-20,Telefone,Cancelamento,Já pedi cancelamento e continuam cobrando. Falar com Isabela Melo no telefone 21 3344-5566.,3,2
T000036,C00056,2023-03-05,Chat,Dúvida,"Estou satisfeito com o serviço, tudo funcionando bem.",5,6
T000037,C00057,2023-10-28,Telefone,Dúvida,"Muito bom o suporte de vocês, parabéns pela equipe.",5,10
T000038,C00057,2025-07-23,Email,Cobrança,Péssimo atendimento. Se não resolverem vou cancelar e migrar para o concorrente.,3,6
T000039,C00057,2025-05-24,Telefone,Dúvida,"Estou satisfeito com o serviço, tudo funcionando bem.",5,10
T000040,C00059,2024-05-24,Telefone,Cobrança,Como faço para alterar meu plano? Podem me contatar no c00059@exemplo.com.br.,4,8
T000041,C00067,2025-05-24,Telefone,Cobrança,"Preciso atualizar meus dados cadastrais, meu telefone é (31) 99888-7777.",4,6
T000042,C00067,2023-08-19,Email,Cobrança,"Preciso atualizar meus dados cadastrais, meu telefone é (31) 99888-7777.",4,6
T000043,C00067,2025-06-25,Email,Técnico,"Serviço caindo toda hora, um absurdo. Meu email é c00067@exemplo.com.br e ainda não recebi retorno.",3,5
T000044,C00068,2025-06-08,Chat,Dúvida,"Atendimento excelente, resolveram meu problema rapidamente. Obrigado, Sofia Ferreira!",5,10
T000045,C00069,2025-06-17,Telefone,Dúvida,"Muito bom o suporte de vocês, parabéns pela equipe.",5,8
T000046,C00072,2024-08-07,Email,Dúvida,"Atendimento excelente, resolveram meu problema rapidamente. Obrigado, Karina Ferreira!",5,10
T000047,C00072,2023-01-17,Telefone,Dúvida,"Estou satisfeito com o serviço, tudo funcionando bem.",5,10
T000048,C00073,2023-01-18,Telefone,Dúvida,"Estou satisfeito com o serviço, tudo funcionando bem.",5,10
T000049,C00073,2024-05-09,Telefone,Cobrança,"Preciso atualizar meus dados cadastrais, meu telefone é (31) 99888-7777.",4,8
T000050,C00075,2023-01-16,Email,Técnico,Péssimo atendimento. Se não resolverem vou cancelar e migrar para o concorrente.,3,4
T000051,C00075,2023-03-16,Chat,Dúvida,Como faço para alterar meu plano? Podem me contatar no c00075@exemplo.com.br.,3,5
T000052,C00075,2023-02-28,Chat,Cancelamento,Estou muito insatisfeito. Liguei várias vezes para (11) 98765-4321 e ninguém resolve meu problema.,3,4
T000053,C00077,2023-04-20,Email,Cobrança,"Preciso atualizar meus dados cadastrais, meu telefone é (31) 99888-7777.",3,8
T000054,C00078,2023-11-28,Chat,Dúvida,"Estou satisfeito com o serviço, tudo funcionando bem.",5,10
T000055,C00079,2023-01-01,Email,Dúvida,"Muito bom o suporte de vocês, parabéns pela equipe.",4,7
T000056,C00081,2023-03-08,Chat,Cobrança,"Serviço caindo toda hora, um absurdo. Meu email é c00081@exemplo.com.br e ainda não recebi retorno.",3,6
T000057,C00083,2023-07-23,Chat,Dúvida,"Estou satisfeito com o serviço, tudo funcionando bem.",4,9
T000058,C00083,2023-06-21,Telefone,Dúvida,"Muito bom o suporte de vocês, parabéns pela equipe.",4,9
T000059,C00085,2024-11-13,Email,Dúvida,Gostaria de tirar uma dúvida sobre a minha fatura deste mês.,4,7
T000060,C00086,2024-02-06,Email,Dúvida,"Preciso atualizar meus dados cadastrais, meu telefone é (31) 99888-7777.",4,5
T000061,C00086,2024-07-22,Email,Dúvida,Gostaria de tirar uma dúvida sobre a minha fatura deste mês.,4,5
T000062,C00087,2023-10-14,Email,Dúvida,"Muito bom o suporte de vocês, parabéns pela equipe.",5,6
T000063,C00088,2024-02-22,Email,Técnico,Péssimo atendimento. Se não resolverem vou cancelar e migrar para o concorrente.,3,4
T000064,C00089,2024-11-26,Email,Dúvida,"Estou satisfeito com o serviço, tudo funcionando bem.",5,10
T000065,C00092,2024-05-23,Chat,Dúvida,Gostaria de tirar uma dúvida sobre a minha fatura deste mês.,3,6
T000066,C00094,2023-07-18,Telefone,Dúvida,"Preciso atualizar meus dados cadastrais, meu telefone é (31) 99888-7777.",4,8
T000067,C00097,2024-09-12,Email,Dúvida,"Preciso atualizar meus dados cadastrais, meu telefone é (31) 99888-7777.",3,7
T000068,C00097,2023-12-01,Email,Técnico,"Serviço caindo toda hora, um absurdo. Meu email é c00097@exemplo.com.br e ainda não recebi retorno.",2,6
T000069,C00098,2024-10-07,Chat,Dúvida,"Estou satisfeito com o serviço, tudo funcionando bem.",5,9
T000070,C00099,2023-09-02,Chat,Dúvida,"Muito bom o suporte de vocês, parabéns pela equipe.",5,10
T000071,C00100,2023-12-01,Chat,Dúvida,"Atendimento excelente, resolveram meu problema rapidamente. Obrigado, Quezia Almeida!",5,6
T000072,C00100,2023-10-13,Email,Cobrança,Como faço para alterar meu plano? Podem me contatar no c00100@exemplo.com.br.,4,4
T000073,C00103,2023-05-18,Telefone,Dúvida,"Estou satisfeito com o serviço, tudo funcionando bem.",4,6
T000074,C00110,2024-02-27,Chat,Dúvida,"Estou satisfeito com o serviço, tudo funcionando bem.",5,8
T000075,C00111,2024-01-02,Chat,Dúvida,"Atendimento excelente, resolveram meu problema rapidamente. Obrigado, Rafael Lima!",4,10
T000076,C00111,2024-02-16,Email,Cobrança,Como faço para alterar meu plano? Podem me contatar no c00111@exemplo.com.br.,3,8
T000077,C00112,2024-03-19,Email,Dúvida,"Preciso atualizar meus dados cadastrais, meu telefone é (31) 99888-7777.",3,5
T000078,C00118,2023-06-24,Email,Cobrança,"Preciso atualizar meus dados cadastrais, meu telefone é (31) 99888-7777.",4,8
T000079,C00119,2023-01-14,Chat,Cobrança,"Preciso atualizar meus dados cadastrais, meu telefone é (31) 99888-7777.",4,4
T000080,C00121,2023-05-14,Telefone,Cobrança,"Serviço caindo toda hora, um absurdo. Meu email é c00121@exemplo.com.br e ainda não recebi retorno.",3,6
T000081,C00123,2023-10-17,Chat,Dúvida,"Estou satisfeito com o serviço, tudo funcionando bem.",5,8
T000082,C00125,2024-11-18,Email,Técnico,Já pedi cancelamento e continuam cobrando. Falar com Lucas Souza no telefone 21 3344-5566.,3,6
T000083,C00127,2023-01-27,Email,Dúvida,"Muito bom o suporte de vocês, parabéns pela equipe.",3,10
T000084,C00128,2023-08-08,Chat,Dúvida,Gostaria de tirar uma dúvida sobre a minha fatura deste mês.,3,7
T000085,C00131,2024-08-09,Email,Cancelamento,"Serviço caindo toda hora, um absurdo. Meu email é c00131@exemplo.com.br e ainda não recebi retorno.",2,5
T000086,C00132,2023-03-25,Telefone,Dúvida,"Atendimento excelente, resolveram meu problema rapidamente. Obrigado, Diego Araújo!",3,6
T000087,C00132,2024-01-19,Email,Cobrança,Estou muito insatisfeito. Liguei várias vezes para (11) 98765-4321 e ninguém resolve meu problema.,1,2
T000088,C00132,2024-03-14,Chat,Cobrança,Estou muito insatisfeito. Liguei várias vezes para (11) 98765-4321 e ninguém resolve meu problema.,1,2
T000089,C00132,2023-10-20,Chat,Cancelamento,Péssimo atendimento. Se não resolverem vou cancelar e migrar para o concorrente.,1,2
T000090,C00133,2024-02-05,Chat,Cobrança,"Preciso atualizar meus dados cadastrais, meu telefone é (31) 99888-7777.",3,8
T000091,C00133,2024-02-12,Telefone,Técnico,"Serviço caindo toda hora, um absurdo. Meu email é c00133@exemplo.com.br e ainda não recebi retorno.",2,6
T000092,C00133,2025-03-27,Telefone,Cobrança,Já pedi cancelamento e continuam cobrando. Falar com Carla Pereira no telefone 21 3344-5566.,3,6
T000093,C00133,2023-10-22,Chat,Cancelamento,Estou muito insatisfeito. Liguei várias vezes para (11) 98765-4321 e ninguém resolve meu problema.,2,6
T000094,C00135,2023-08-19,Chat,Dúvida,"Atendimento excelente, resolveram meu problema rapidamente. Obrigado, Gabriela Rocha!",5,10
T000095,C00141,2025-03-10,Chat,Dúvida,"Atendimento excelente, resolveram meu problema rapidamente. Obrigado, Rafael Silva!",4,10
T000096,C00141,2023-09-05,Email,Cobrança,Já pedi cancelamento e continuam cobrando. Falar com Rafael Silva no telefone 21 3344-5566.,2,6
T000097,C00145,2024-05-01,Chat,Cobrança,Estou muito insatisfeito. Liguei várias vezes para (11) 98765-4321 e ninguém resolve meu problema.,3,6
T000098,C00145,2025-01-09,Chat,Cobrança,Como faço para alterar meu plano? Podem me contatar no c00145@exemplo.com.br.,4,8
T000099,C00147,2025-06-18,Email,Dúvida,"Preciso atualizar meus dados cadastrais, meu telefone é (31) 99888-7777.",3,5
T000100,C00153,2024-08-07,Telefone,Dúvida,"Atendimento excelente, resolveram meu problema rapidamente. Obrigado, Gabriela Gomes!",5,8
T000101,C00155,2024-06-09,Email,Dúvida,"Estou satisfeito com o serviço, tudo funcionando bem.",4,8
T000102,C00155,2024-03-22,Telefone,Dúvida,Gostaria de tirar uma dúvida sobre a minha fatura deste mês.,3,7
T000103,C00161,2025-08-24,Email,Dúvida,"Preciso atualizar meus dados cadastrais, meu telefone é (31) 99888-7777.",4,6
T000104,C00161,2023-07-05,Chat,Dúvida,"Atendimento excelente, resolveram meu problema rapidamente. Obrigado, Karina Oliveira!",5,7
T000105,C00161,2023-02-14,Telefone,Cancelamento,Estou muito insatisfeito. Liguei várias vezes para (11) 98765-4321 e ninguém resolve meu problema.,3,5
T000106,C00170,2025-05-27,Email,Dúvida,Gostaria de tirar uma dúvida sobre a minha fatura deste mês.,4,8
T000107,C00172,2023-03-04,Chat,Dúvida,"Estou satisfeito com o serviço, tudo funcionando bem.",5,6
T000108,C00173,2023-08-12,Chat,Dúvida,Como faço para alterar meu plano? Podem me contatar no c00173@exemplo.com.br.,3,8
T000109,C00175,2023-06-02,Chat,Dúvida,Gostaria de tirar uma dúvida sobre a minha fatura deste mês.,4,8
T000110,C00176,2025-04-11,Email,Cobrança,"Preciso atualizar meus dados cadastrais, meu telefone é (31) 99888-7777.",2,8
T000111,C00177,2024-04-17,Chat,Dúvida,"Estou satisfeito com o serviço, tudo funcionando bem.",5,9
T000112,C00178,2025-05-01,Chat,Dúvida,"Estou satisfeito com o serviço, tudo funcionando bem.",5,10
T000113,C00180,2023-11-13,Email,Cancelamento,"Serviço caindo toda hora, um absurdo. Meu email é c00180@exemplo.com.br e ainda não recebi retorno.",3,5
T000114,C00181,2025-05-03,Telefone,Dúvida,"Estou satisfeito com o serviço, tudo funcionando bem.",5,6
T000115,C00182,2023-07-23,Email,Dúvida,Como faço para alterar meu plano? Podem me contatar no c00182@exemplo.com.br.,4,4
T000116,C00182,2024-02-03,Chat,Dúvida,"Estou satisfeito com o serviço, tudo funcionando bem.",5,6
T000117,C00183,2023-05-04,Email,Técnico,"Serviço caindo toda hora, um absurdo. Meu email é c00183@exemplo.com.br e ainda não recebi retorno.",3,5
T000118,C00185,2024-07-16,Email,Dúvida,"Atendimento excelente, resolveram meu problema rapidamente. Obrigado, Karina Lima!",5,8
T000119,C00185,2025-03-20,Telefone,Dúvida,"Atendimento excelente, resolveram meu problema rapidamente. Obrigado, Karina Lima!",5,8
T000120,C00193,2024-01-13,Email,Dúvida,"Atendimento excelente, resolveram meu problema rapidamente. Obrigado, Tiago Ribeiro!",3,8
T000121,C00197,2023-08-24,Chat,Dúvida,Como faço para alterar meu plano? Podem me contatar no c00197@exemplo.com.br.,4,3
T000122,C00197,2023-09-09,Telefone,Dúvida,Gostaria de tirar uma dúvida sobre a minha fatura deste mês.,4,3
T000123,C00198,2023-05-27,Telefone,Dúvida,"Muito bom o suporte de vocês, parabéns pela equipe.",3,6
T000124,C00198,2023-01-25,Telefone,Cobrança,"Preciso atualizar meus dados cadastrais, meu telefone é (31) 99888-7777.",2,4
T000125,C00199,2025-03-22,Chat,Cobrança,Péssimo atendimento. Se não resolverem vou cancelar e migrar para o concorrente.,3,6
T000126,C00201,2024-01-27,Chat,Cancelamento,Péssimo atendimento. Se não resolverem vou cancelar e migrar para o concorrente.,2,4
T000127,C00204,2023-09-16,Telefone,Dúvida,"Atendimento excelente, resolveram meu problema rapidamente. Obrigado, Marina Ribeiro!",3,10
T000128,C00204,2023-06-04,Email,Dúvida,"Estou satisfeito com o serviço, tudo funcionando bem.",3,10
T000129,C00205,2023-02-27,Email,Dúvida,"Estou satisfeito com o serviço, tudo funcionando bem.",3,6
T000130,C00205,2023-01-02,Chat,Técnico,Já pedi cancelamento e continuam cobrando. Falar com Karina Moraes no telefone 21 3344-5566.,1,1
T000131,C00208,2025-01-13,Telefone,Dúvida,Gostaria de tirar uma dúvida sobre a minha fatura deste mês.,4,6
T000132,C00210,2025-05-03,Email,Dúvida,"Estou satisfeito com o serviço, tudo funcionando bem.",5,6
T000133,C00210,2025-07-26,Chat,Cobrança,"Preciso atualizar meus dados cadastrais, meu telefone é (31) 99888-7777.",4,5
T000134,C00211,2023-07-05,Email,Dúvida,"Atendimento excelente, resolveram meu problema rapidamente. Obrigado, Lucas Martins!",5,10
T000135,C00215,2023-12-24,Email,Dúvida,"Muito bom o suporte de vocês, parabéns pela equipe.",5,10
T000136,C00217,2023-11-27,Telefone,Cancelamento,Péssimo atendimento. Se não resolverem vou cancelar e migrar para o concorrente.,3,4
T000137,C00218,2024-01-15,Email,Dúvida,"Atendimento excelente, resolveram meu problema rapidamente. Obrigado, Paulo Lima!",5,10
T000138,C00218,2024-08-01,Chat,Dúvida,"Preciso atualizar meus dados cadastrais, meu telefone é (31) 99888-7777.",4,8
T000139,C00221,2023-03-16,Telefone,Cobrança,Gostaria de tirar uma dúvida sobre a minha fatura deste mês.,4,3
T000140,C00223,2024-06-24,Chat,Dúvida,"Estou satisfeito com o serviço, tudo funcionando bem.",5,7
T000141,C00224,2023-12-26,Email,Cancelamento,Já pedi cancelamento e continuam cobrando. Falar com Diego Teixeira no telefone 21 3344-5566.,1,4
T000142,C00228,2023-01-26,Telefone,Dúvida,"Atendimento excelente, resolveram meu problema rapidamente. Obrigado, Elaine Silva!",4,6
T000143,C00231,2024-12-24,Email,Cobrança,Gostaria de tirar uma dúvida sobre a minha fatura deste mês.,4,8
T000144,C00231,2024-05-01,Chat,Dúvida,"Preciso atualizar meus dados cadastrais, meu telefone é (31) 99888-7777.",4,8
T000145,C00235,2023-04-08,Chat,Cobrança,Como faço para alterar meu plano? Podem me contatar no c00235@exemplo.com.br.,4,8
T000146,C00237,2023-07-14,Chat,Cobrança,"Preciso atualizar meus dados cadastrais, meu telefone é (31) 99888-7777.",4,8
T000147,C00237,2023-10-27,Telefone,Dúvida,"Muito bom o suporte de vocês, parabéns pela equipe.",5,10
T000148,C00237,2025-07-10,Email,Dúvida,Como faço para alterar meu plano? Podem me contatar no c00237@exemplo.com.br.,4,8
T000149,C00239,2024-11-04,Telefone,Dúvida,"Atendimento excelente, resolveram meu problema rapidamente. Obrigado, Henrique Moraes!",5,10
T000150,C00240,2024-05-07,Telefone,Dúvida,"Muito bom o suporte de vocês, parabéns pela equipe.",5,10
T000151,C00241,2023-01-27,Email,Técnico,"Serviço caindo toda hora, um absurdo. Meu email é c00241@exemplo.com.br e ainda não recebi retorno.",1,3
T000152,C00242,2023-03-17,Chat,Dúvida,"Muito bom o suporte de vocês, parabéns pela equipe.",5,7
T000153,C00244,2023-02-13,Telefone,Dúvida,"Atendimento excelente, resolveram meu problema rapidamente. Obrigado, Paulo Souza!",5,8
T000154,C00249,2023-08-02,Telefone,Dúvida,"Atendimento excelente, resolveram meu problema rapidamente. Obrigado, Gabriela Oliveira!",3,10
T000155,C00249,2025-03-03,Telefone,Cobrança,Gostaria de tirar uma dúvida sobre a minha fatura deste mês.,2,8
T000156,C00252,2023-02-10,Chat,Dúvida,"Atendimento excelente, resolveram meu problema rapidamente. Obrigado, Isabela Souza!",4,7
T000157,C00254,2025-02-10,Chat,Cancelamento,Péssimo atendimento. Se não resolverem vou cancelar e migrar para o concorrente.,3,4
T000158,C00269,2024-11-20,Chat,Dúvida,"Muito bom o suporte de vocês, parabéns pela equipe.",5,6
T000159,C00270,2025-03-04,Chat,Cobrança,Gostaria de tirar uma dúvida sobre a minha fatura deste mês.,4,8
T000160,C00272,2025-02-25,Chat,Técnico,"Serviço caindo toda hora, um absurdo. Meu email é c00272@exemplo.com.br e ainda não recebi retorno.",2,0
T000161,C00272,2023-12-25,Chat,Cancelamento,"Serviço caindo toda hora, um absurdo. Meu email é c00272@exemplo.com.br e ainda não recebi retorno.",1,0
T000162,C00272,2023-03-23,Telefone,Cobrança,Estou muito insatisfeito. Liguei várias vezes para (11) 98765-4321 e ninguém resolve meu problema.,2,0
T000163,C00272,2025-02-10,Email,Cobrança,"Serviço caindo toda hora, um absurdo. Meu email é c00272@exemplo.com.br e ainda não recebi retorno.",1,0
T000164,C00273,2023-03-13,Telefone,Cobrança,Como faço para alterar meu plano? Podem me contatar no c00273@exemplo.com.br.,3,8
T000165,C00273,2025-01-12,Chat,Dúvida,"Muito bom o suporte de vocês, parabéns pela equipe.",4,9
T000166,C00274,2025-07-20,Chat,Dúvida,Como faço para alterar meu plano? Podem me contatar no c00274@exemplo.com.br.,2,8
T000167,C00274,2025-07-01,Telefone,Cobrança,"Preciso atualizar meus dados cadastrais, meu telefone é (31) 99888-7777.",2,8
T000168,C00278,2024-05-09,Email,Dúvida,"Muito bom o suporte de vocês, parabéns pela equipe.",4,6
T000169,C00281,2025-08-15,Email,Cancelamento,"Serviço caindo toda hora, um absurdo. Meu email é c00281@exemplo.com.br e ainda não recebi retorno.",1,6
T000170,C00284,2025-02-16,Chat,Técnico,Estou muito insatisfeito. Liguei várias vezes para (11) 98765-4321 e ninguém resolve meu problema.,2,6
T000171,C00284,2024-04-24,Email,Dúvida,Gostaria de tirar uma dúvida sobre a minha fatura deste mês.,3,7
T000172,C00287,2024-08-11,Telefone,Cobrança,Estou muito insatisfeito. Liguei várias vezes para (11) 98765-4321 e ninguém resolve meu problema.,3,6
T000173,C00287,2023-11-05,Email,Dúvida,"Atendimento excelente, resolveram meu problema rapidamente. Obrigado, Karina Lima!",5,10
T000174,C00287,2023-03-03,Chat,Dúvida,"Muito bom o suporte de vocês, parabéns pela equipe.",5,10
T000175,C00289,2023-03-24,Chat,Cancelamento,Estou muito insatisfeito. Liguei várias vezes para (11) 98765-4321 e ninguém resolve meu problema.,3,6
T000176,C00298,2023-02-22,Chat,Cancelamento,Estou muito insatisfeito. Liguei várias vezes para (11) 98765-4321 e ninguém resolve meu problema.,2,6
T000177,C00298,2023-02-14,Chat,Dúvida,Gostaria de tirar uma dúvida sobre a minha fatura deste mês.,3,8
T000178,C00299,2023-01-17,Email,Técnico,Péssimo atendimento. Se não resolverem vou cancelar e migrar para o concorrente.,2,5
T000179,C00302,2025-06-21,Telefone,Cobrança,"Preciso atualizar meus dados cadastrais, meu telefone é (31) 99888-7777.",4,6
T000180,C00304,2023-02-27,Chat,Cobrança,Gostaria de tirar uma dúvida sobre a minha fatura deste mês.,2,5
T000181,C00307,2025-01-23,Telefone,Dúvida,"Estou satisfeito com o serviço, tudo funcionando bem.",4,7
T000182,C00309,2024-06-16,Chat,Cancelamento,Já pedi cancelamento e continuam cobrando. Falar com Isabela Ferreira no telefone 21 3344-5566.,3,6
T000183,C00311,2023-01-20,Chat,Cobrança,Como faço para alterar meu plano? Podem me contatar no c00311@exemplo.com.br.,4,8
T000184,C00314,2023-04-23,Telefone,Dúvida,"Atendimento excelente, resolveram meu problema rapidamente. Obrigado, Bruno Teixeira!",4,6
T000185,C00314,2023-04-02,Chat,Dúvida,"Atendimento excelente, resolveram meu problema rapidamente. Obrigado, Bruno Teixeira!",4,6
T000186,C00317,2024-05-18,Email,Cobrança,Péssimo atendimento. Se não resolverem vou cancelar e migrar para o concorrente.,1,2
T000187,C00319,2024-07-09,Email,Dúvida,"Atendimento excelente, resolveram meu problema rapidamente. Obrigado, Carla Barbosa!",4,8
T000188,C00321,2024-05-02,Email,Dúvida,"Atendimento excelente, resolveram meu problema rapidamente. Obrigado, Karina Souza!",3,7
T000189,C00324,2024-07-13,Telefone,Cancelamento,Péssimo atendimento. Se não resolverem vou cancelar e migrar para o concorrente.,3,6
T000190,C00332,2024-05-12,Email,Cobrança,Péssimo atendimento. Se não resolverem vou cancelar e migrar para o concorrente.,1,1
T000191,C00333,2025-04-25,Telefone,Dúvida,"Atendimento excelente, resolveram meu problema rapidamente. Obrigado, Karina Pereira!",5,10
T000192,C00335,2023-06-13,Telefone,Dúvida,Gostaria de tirar uma dúvida sobre a minha fatura deste mês.,3,5
T000193,C00341,2025-06-09,Chat,Dúvida,Como faço para alterar meu plano? Podem me contatar no c00341@exemplo.com.br.,4,8
T000194,C00345,2023-02-27,Telefone,Dúvida,Gostaria de tirar uma dúvida sobre a minha fatura deste mês.,2,4
T000195,C00346,2023-08-08,Telefone,Cobrança,Como faço para alterar meu plano? Podem me contatar no c00346@exemplo.com.br.,3,8
T000196,C00346,2024-11-26,Email,Dúvida,"Muito bom o suporte de vocês, parabéns pela equipe.",4,10
T000197,C00346,2024-04-20,Chat,Dúvida,Gostaria de tirar uma dúvida sobre a minha fatura deste mês.,3,8
T000198,C00347,2025-04-16,Chat,Dúvida,"Atendimento excelente, resolveram meu problema rapidamente. Obrigado, Gabriela Ribeiro!",4,6
T000199,C00348,2024-02-25,Telefone,Dúvida,"Muito bom o suporte de vocês, parabéns pela equipe.",5,8
T000200,C00349,2023-06-28,Email,Cobrança,Como faço para alterar meu plano? Podem me contatar no c00349@exemplo.com.br.,3,3
T000201,C00355,2024-09-27,Email,Cobrança,Como faço para alterar meu plano? Podem me contatar no c00355@exemplo.com.br.,3,5
T000202,C00358,2025-01-05,Email,Dúvida,"Preciso atualizar meus dados cadastrais, meu telefone é (31) 99888-7777.",2,7
T000203,C00359,2025-06-20,Chat,Cobrança,Péssimo atendimento. Se não resolverem vou cancelar e migrar para o concorrente.,2,3
T000204,C00360,2025-01-23,Email,Cancelamento,Já pedi cancelamento e continuam cobrando. Falar com Karina Santos no telefone 21 3344-5566.,1,6
T000205,C00360,2023-09-05,Chat,Cobrança,Péssimo atendimento. Se não resolverem vou cancelar e migrar para o concorrente.,1,6
T000206,C00362,2024-03-08,Chat,Dúvida,"Atendimento excelente, resolveram meu problema rapidamente. Obrigado, Tiago Moraes!",4,9
T000207,C00363,2024-03-17,Telefone,Dúvida,"Preciso atualizar meus dados cadastrais, meu telefone é (31) 99888-7777.",4,7
T000208,C00366,2024-01-20,Telefone,Cobrança,"Serviço caindo toda hora, um absurdo. Meu email é c00366@exemplo.com.br e ainda não recebi retorno.",1,1
T000209,C00371,2023-02-23,Telefone,Cobrança,Como faço para alterar meu plano? Podem me contatar no c00371@exemplo.com.br.,4,8
T000210,C00372,2023-06-06,Chat,Dúvida,"Muito bom o suporte de vocês, parabéns pela equipe.",3,6
T000211,C00374,2023-08-22,Email,Dúvida,"Muito bom o suporte de vocês, parabéns pela equipe.",4,6
T000212,C00375,2023-04-02,Email,Cobrança,Gostaria de tirar uma dúvida sobre a minha fatura deste mês.,3,4
T000213,C00376,2024-06-10,Chat,Cancelamento,Péssimo atendimento. Se não resolverem vou cancelar e migrar para o concorrente.,1,4
T000214,C00376,2023-04-07,Chat,Técnico,Péssimo atendimento. Se não resolverem vou cancelar e migrar para o concorrente.,1,4
T000215,C00379,2025-08-13,Chat,Dúvida,"Atendimento excelente, resolveram meu problema rapidamente. Obrigado, Diego Silva!",4,6
T000216,C00382,2025-08-21,Telefone,Dúvida,"Muito bom o suporte de vocês, parabéns pela equipe.",4,10
T000217,C00383,2024-04-25,Chat,Dúvida,Como faço para alterar meu plano? Podem me contatar no c00383@exemplo.com.br.,3,6
T000218,C00383,2025-05-17,Chat,Cobrança,Gostaria de tirar uma dúvida sobre a minha fatura deste mês.,3,6
T000219,C00384,2023-04-04,Telefone,Cobrança,"Serviço caindo toda hora, um absurdo. Meu email é c00384@exemplo.com.br e ainda não recebi retorno.",3,6
T000220,C00386,2025-01-18,Chat,Cobrança,Já pedi cancelamento e continuam cobrando. Falar com Diego Silva no telefone 21 3344-5566.,2,3
T000221,C00386,2025-01-23,Email,Cobrança,Gostaria de tirar uma dúvida sobre a minha fatura deste mês.,3,4
T000222,C00387,2024-04-28,Email,Dúvida,Gostaria de tirar uma dúvida sobre a minha fatura deste mês.,4,8
T000223,C00389,2023-05-18,Telefone,Dúvida,"Estou satisfeito com o serviço, tudo funcionando bem.",4,6
T000224,C00389,2023-02-21,Email,Dúvida,"Atendimento excelente, resolveram meu problema rapidamente. Obrigado, Elaine Santos!",4,6
T000225,C00390,2024-02-10,Telefone,Cobrança,Gostaria de tirar uma dúvida sobre a minha fatura deste mês.,4,5
T000226,C00392,2024-11-15,Email,Dúvida,"Atendimento excelente, resolveram meu problema rapidamente. Obrigado, Diego Barbosa!",3,9
T000227,C00394,2024-02-03,Email,Técnico,Péssimo atendimento. Se não resolverem vou cancelar e migrar para o concorrente.,2,4
T000228,C00394,2023-11-27,Telefone,Cobrança,Como faço para alterar meu plano? Podem me contatar no c00394@exemplo.com.br.,3,5
T000229,C00395,2024-10-13,Telefone,Dúvida,Como faço para alterar meu plano? Podem me contatar no c00395@exemplo.com.br.,2,8
T000230,C00398,2023-05-02,Email,Dúvida,"Estou satisfeito com o serviço, tudo funcionando bem.",5,10
T000231,C00398,2025-06-14,Email,Dúvida,"Atendimento excelente, resolveram meu problema rapidamente. Obrigado, Marina Carvalho!",5,10
T000232,C00401,2025-06-09,Email,Dúvida,"Muito bom o suporte de vocês, parabéns pela equipe.",5,10
T000233,C00401,2023-09-07,Telefone,Técnico,Péssimo atendimento. Se não resolverem vou cancelar e migrar para o concorrente.,3,6
T000234,C00401,2023-05-17,Chat,Dúvida,"Estou satisfeito com o serviço, tudo funcionando bem.",5,10
T000235,C00402,2024-05-06,Chat,Dúvida,"Preciso atualizar meus dados cadastrais, meu telefone é (31) 99888-7777.",2,8
T000236,C00403,2025-04-01,Chat,Cobrança,Gostaria de tirar uma dúvida sobre a minha fatura deste mês.,4,6
T000237,C00404,2023-05-15,Email,Cobrança,Como faço para alterar meu plano? Podem me contatar no c00404@exemplo.com.br.,4,8
T000238,C00405,2024-07-03,Telefone,Cobrança,Já pedi cancelamento e continuam cobrando. Falar com Rafael Gomes no telefone 21 3344-5566.,2,4
T000239,C00405,2024-02-02,Email,Dúvida,"Atendimento excelente, resolveram meu problema rapidamente. Obrigado, Rafael Gomes!",3,6
T000240,C00407,2024-07-12,Telefone,Cobrança,Gostaria de tirar uma dúvida sobre a minha fatura deste mês.,2,7
T000241,C00407,2025-02-01,Chat,Dúvida,"Muito bom o suporte de vocês, parabéns pela equipe.",3,8
T000242,C00407,2025-05-28,Telefone,Técnico,Já pedi cancelamento e continuam cobrando. Falar com Ana Araújo no telefone 21 3344-5566.,1,6
T000243,C00408,2023-11-13,Chat,Dúvida,Gostaria de tirar uma dúvida sobre a minha fatura deste mês.,4,6
T000244,C00409,2024-04-02,Telefone,Cobrança,Péssimo atendimento. Se não resolverem vou cancelar e migrar para o concorrente.,1,5
T000245,C00411,2024-11-02,Chat,Cancelamento,Péssimo atendimento. Se não resolverem vou cancelar e migrar para o concorrente.,3,6
T000246,C00414,2025-08-07,Email,Cobrança,Já pedi cancelamento e continuam cobrando. Falar com Lucas Melo no telefone 21 3344-5566.,3,4
T000247,C00416,2023-06-04,Email,Dúvida,"Atendimento excelente, resolveram meu problema rapidamente. Obrigado, Carla Ferreira!",4,6
T000248,C00418,2025-01-13,Telefone,Dúvida,Gostaria de tirar uma dúvida sobre a minha fatura deste mês.,4,8
T000249,C00419,2023-08-28,Email,Cobrança,"Preciso atualizar meus dados cadastrais, meu telefone é (31) 99888-7777.",4,8
T000250,C00421,2023-02-22,Email,Dúvida,"Muito bom o suporte de vocês, parabéns pela equipe.",4,10
T000251,C00421,2025-02-01,Telefone,Dúvida,"Atendimento excelente, resolveram meu problema rapidamente. Obrigado, Gabriela Lima!",4,10
T000252,C00423,2023-04-10,Chat,Técnico,Já pedi cancelamento e continuam cobrando. Falar com Quezia Costa no telefone 21 3344-5566.,2,5
T000253,C00427,2024-11-15,Chat,Cancelamento,Estou muito insatisfeito. Liguei várias vezes para (11) 98765-4321 e ninguém resolve meu problema.,2,0
T000254,C00427,2023-06-06,Chat,Cancelamento,Péssimo atendimento. Se não resolverem vou cancelar e migrar para o concorrente.,2,0
T000255,C00428,2023-01-23,Telefone,Dúvida,"Atendimento excelente, resolveram meu problema rapidamente. Obrigado, Rafael Moraes!",3,6
T000256,C00428,2023-05-05,Chat,Cobrança,Como faço para alterar meu plano? Podem me contatar no c00428@exemplo.com.br.,2,3
T000257,C00431,2025-02-06,Chat,Cobrança,Estou muito insatisfeito. Liguei várias vezes para (11) 98765-4321 e ninguém resolve meu problema.,2,1
T000258,C00433,2024-01-19,Telefone,Cobrança,Gostaria de tirar uma dúvida sobre a minha fatura deste mês.,4,6
T000259,C00437,2024-05-23,Chat,Cancelamento,Péssimo atendimento. Se não resolverem vou cancelar e migrar para o concorrente.,3,3
T000260,C00437,2023-10-02,Chat,Dúvida,"Muito bom o suporte de vocês, parabéns pela equipe.",4,6
T000261,C00440,2024-01-04,Chat,Dúvida,"Preciso atualizar meus dados cadastrais, meu telefone é (31) 99888-7777.",4,8
T000262,C00442,2025-05-07,Chat,Dúvida,Como faço para alterar meu plano? Podem me contatar no c00442@exemplo.com.br.,4,5
T000263,C00442,2023-05-28,Chat,Técnico,Já pedi cancelamento e continuam cobrando. Falar com Sofia Teixeira no telefone 21 3344-5566.,3,4
T000264,C00443,2023-02-05,Email,Técnico,"Serviço caindo toda hora, um absurdo. Meu email é c00443@exemplo.com.br e ainda não recebi retorno.",2,2
T000265,C00444,2024-06-01,Chat,Cobrança,Como faço para alterar meu plano? Podem me contatar no c00444@exemplo.com.br.,3,4
T000266,C00445,2023-07-24,Chat,Dúvida,Gostaria de tirar uma dúvida sobre a minha fatura deste mês.,4,8
T000267,C00446,2024-04-07,Email,Dúvida,"Estou satisfeito com o serviço, tudo funcionando bem.",5,10
T000268,C00446,2024-09-21,Chat,Dúvida,Como faço para alterar meu plano? Podem me contatar no c00446@exemplo.com.br.,4,8
T000269,C00447,2025-05-23,Telefone,Cobrança,Gostaria de tirar uma dúvida sobre a minha fatura deste mês.,2,3
T000270,C00448,2024-12-04,Chat,Dúvida,Gostaria de tirar uma dúvida sobre a minha fatura deste mês.,3,3
T000271,C00449,2025-03-05,Telefone,Dúvida,"Estou satisfeito com o serviço, tudo funcionando bem.",5,7
T000272,C00450,2023-03-23,Email,Dúvida,"Preciso atualizar meus dados cadastrais, meu telefone é (31) 99888-7777.",4,8
T000273,C00451,2023-01-05,Email,Dúvida,"Atendimento excelente, resolveram meu problema rapidamente. Obrigado, Felipe Araújo!",3,8
T000274,C00452,2024-01-09,Chat,Cancelamento,Estou muito insatisfeito. Liguei várias vezes para (11) 98765-4321 e ninguém resolve meu problema.,3,4
T000275,C00456,2023-03-15,Email,Técnico,Estou muito insatisfeito. Liguei várias vezes para (11) 98765-4321 e ninguém resolve meu problema.,1,2
T000276,C00457,2024-03-14,Email,Dúvida,"Atendimento excelente, resolveram meu problema rapidamente. Obrigado, Quezia Ribeiro!",5,10
T000277,C00457,2025-01-11,Telefone,Cobrança,Péssimo atendimento. Se não resolverem vou cancelar e migrar para o concorrente.,3,6
T000278,C00459,2023-06-20,Email,Dúvida,"Estou satisfeito com o serviço, tudo funcionando bem.",5,10
T000279,C00460,2023-05-22,Chat,Dúvida,"Estou satisfeito com o serviço, tudo funcionando bem.",4,9
T000280,C00462,2023-09-10,Chat,Dúvida,"Estou satisfeito com o serviço, tudo funcionando bem.",4,8
T000281,C00464,2024-12-21,Chat,Dúvida,"Muito bom o suporte de vocês, parabéns pela equipe.",4,9
T000282,C00466,2025-04-24,Chat,Técnico,"Serviço caindo toda hora, um absurdo. Meu email é c00466@exemplo.com.br e ainda não recebi retorno.",3,6
T000283,C00468,2024-02-01,Email,Cobrança,Como faço para alterar meu plano? Podem me contatar no c00468@exemplo.com.br.,4,3
T000284,C00469,2023-05-18,Chat,Cobrança,"Preciso atualizar meus dados cadastrais, meu telefone é (31) 99888-7777.",4,8
T000285,C00471,2025-08-08,Telefone,Cancelamento,"Serviço caindo toda hora, um absurdo. Meu email é c00471@exemplo.com.br e ainda não recebi retorno.",3,3
T000286,C00472,2023-11-26,Telefone,Dúvida,"Preciso atualizar meus dados cadastrais, meu telefone é (31) 99888-7777.",4,7
T000287,C00473,2024-02-13,Chat,Técnico,Estou muito insatisfeito. Liguei várias vezes para (11) 98765-4321 e ninguém resolve meu problema.,3,2
T000288,C00473,2024-10-10,Telefone,Dúvida,"Atendimento excelente, resolveram meu problema rapidamente. Obrigado, Quezia Gomes!",4,6
T000289,C00477,2024-03-05,Email,Cancelamento,Péssimo atendimento. Se não resolverem vou cancelar e migrar para o concorrente.,3,5
T000290,C00477,2023-11-17,Email,Dúvida,"Estou satisfeito com o serviço, tudo funcionando bem.",4,7
T000291,C00477,2024-07-16,Telefone,Cobrança,Péssimo atendimento. Se não resolverem vou cancelar e migrar para o concorrente.,3,5
T000292,C00479,2024-05-11,Email,Cobrança,Gostaria de tirar uma dúvida sobre a minha fatura deste mês.,4,8
T000293,C00480,2024-02-05,Email,Dúvida,"Muito bom o suporte de vocês, parabéns pela equipe.",5,7
T000294,C00483,2024-06-20,Chat,Dúvida,"Atendimento excelente, resolveram meu problema rapidamente. Obrigado, Nuno Melo!",4,10
T000295,C00484,2024-06-01,Chat,Cancelamento,Péssimo atendimento. Se não resolverem vou cancelar e migrar para o concorrente.,3,6
T000296,C00486,2023-08-18,Telefone,Cobrança,Estou muito insatisfeito. Liguei várias vezes para (11) 98765-4321 e ninguém resolve meu problema.,2,2
T000297,C00488,2024-02-05,Email,Cancelamento,Péssimo atendimento. Se não resolverem vou cancelar e migrar para o concorrente.,3,5
T000298,C00490,2023-09-27,Chat,Dúvida,"Atendimento excelente, resolveram meu problema rapidamente. Obrigado, Quezia Silva!",4,9
T000299,C00493,2025-01-20,Telefone,Cancelamento,Péssimo atendimento. Se não resolverem vou cancelar e migrar para o concorrente.,3,6
T000300,C00493,2023-08-08,Chat,Cobrança,Como faço para alterar meu plano? Podem me contatar no c00493@exemplo.com.br.,3,8
T000301,C00493,2023-09-06,Telefone,Cancelamento,Já pedi cancelamento e continuam cobrando. Falar com Henrique Moraes no telefone 21 3344-5566.,3,6
T000302,C00495,2024-11-12,Telefone,Cobrança,Como faço para alterar meu plano? Podem me contatar no c00495@exemplo.com.br.,4,8
T000303,C00496,2024-04-08,Email,Dúvida,"Muito bom o suporte de vocês, parabéns pela equipe.",5,9
T000304,C00497,2023-06-28,Chat,Cancelamento,"Serviço caindo toda hora, um absurdo. Meu email é c00497@exemplo.com.br e ainda não recebi retorno.",3,6
T000305,C00498,2024-09-16,Chat,Dúvida,"Estou satisfeito com o serviço, tudo funcionando bem.",3,6
T000306,C00498,2023-04-06,Telefone,Cancelamento,Péssimo atendimento. Se não resolverem vou cancelar e migrar para o concorrente.,1,3
T000307,C00498,2023-12-27,Telefone,Cobrança,Já pedi cancelamento e continuam cobrando. Falar com Lucas Araújo no telefone 21 3344-5566.,2,3
T000308,C00501,2023-07-05,Telefone,Cobrança,Gostaria de tirar uma dúvida sobre a minha fatura deste mês.,2,5
T000309,C00501,2024-08-03,Email,Cobrança,Péssimo atendimento. Se não resolverem vou cancelar e migrar para o concorrente.,1,4
T000310,C00502,2023-07-09,Chat,Cobrança,"Preciso atualizar meus dados cadastrais, meu telefone é (31) 99888-7777.",4,4
T000311,C00504,2023-05-13,Telefone,Cobrança,Péssimo atendimento. Se não resolverem vou cancelar e migrar para o concorrente.,3,6
T000312,C00509,2025-07-01,Email,Dúvida,"Estou satisfeito com o serviço, tudo funcionando bem.",5,10
T000313,C00510,2023-12-18,Telefone,Técnico,Estou muito insatisfeito. Liguei várias vezes para (11) 98765-4321 e ninguém resolve meu problema.,3,6
T000314,C00513,2023-08-16,Telefone,Cancelamento,"Serviço caindo toda hora, um absurdo. Meu email é c00513@exemplo.com.br e ainda não recebi retorno.",1,2
T000315,C00514,2024-10-25,Chat,Dúvida,"Atendimento excelente, resolveram meu problema rapidamente. Obrigado, Lucas Martins!",5,7
T000316,C00516,2024-09-24,Chat,Dúvida,"Atendimento excelente, resolveram meu problema rapidamente. Obrigado, Ana Oliveira!",5,8
T000317,C00522,2025-06-03,Telefone,Técnico,"Serviço caindo toda hora, um absurdo. Meu email é c00522@exemplo.com.br e ainda não recebi retorno.",3,6
T000318,C00523,2024-07-12,Telefone,Dúvida,"Preciso atualizar meus dados cadastrais, meu telefone é (31) 99888-7777.",4,8
T000319,C00524,2023-07-04,Telefone,Dúvida,"Atendimento excelente, resolveram meu problema rapidamente. Obrigado, Sofia Almeida!",3,6
T000320,C00525,2023-04-26,Telefone,Dúvida,"Muito bom o suporte de vocês, parabéns pela equipe.",5,9
T000321,C00527,2024-05-26,Email,Cobrança,Como faço para alterar meu plano? Podem me contatar no c00527@exemplo.com.br.,3,5
T000322,C00527,2024-04-21,Telefone,Cobrança,Péssimo atendimento. Se não resolverem vou cancelar e migrar para o concorrente.,2,4
T000323,C00528,2024-04-22,Email,Cobrança,"Preciso atualizar meus dados cadastrais, meu telefone é (31) 99888-7777.",4,8
T000324,C00529,2025-03-08,Chat,Dúvida,"Muito bom o suporte de vocês, parabéns pela equipe.",5,7
T000325,C00530,2023-10-16,Chat,Dúvida,Gostaria de tirar uma dúvida sobre a minha fatura deste mês.,3,8
T000326,C00535,2023-12-09,Email,Dúvida,"Muito bom o suporte de vocês, parabéns pela equipe.",5,10
T000327,C00537,2023-11-05,Telefone,Técnico,Estou muito insatisfeito. Liguei várias vezes para (11) 98765-4321 e ninguém resolve meu problema.,3,6
T000328,C00537,2023-02-15,Telefone,Dúvida,"Estou satisfeito com o serviço, tudo funcionando bem.",4,10
T000329,C00538,2023-04-01,Email,Cobrança,Já pedi cancelamento e continuam cobrando. Falar com Karina Araújo no telefone 21 3344-5566.,2,4
T000330,C00543,2024-03-25,Email,Dúvida,"Atendimento excelente, resolveram meu problema rapidamente. Obrigado, Karina Rocha!",5,10
T000331,C00544,2025-07-11,Chat,Cobrança,Gostaria de tirar uma dúvida sobre a minha fatura deste mês.,4,7
T000332,C00544,2024-06-02,Telefone,Cobrança,"Preciso atualizar meus dados cadastrais, meu telefone é (31) 99888-7777.",4,7
T000333,C00549,2024-05-17,Chat,Cancelamento,"Serviço caindo toda hora, um absurdo. Meu email é c00549@exemplo.com.br e ainda não recebi retorno.",2,4
T000334,C00549,2025-05-17,Telefone,Cobrança,Como faço para alterar meu plano? Podem me contatar no c00549@exemplo.com.br.,3,5
T000335,C00550,2024-01-05,Chat,Dúvida,Como faço para alterar meu plano? Podem me contatar no c00550@exemplo.com.br.,3,5
T000336,C00551,2024-04-16,Chat,Dúvida,"Muito bom o suporte de vocês, parabéns pela equipe.",5,10
T000337,C00552,2024-12-25,Chat,Dúvida,"Preciso atualizar meus dados cadastrais, meu telefone é (31) 99888-7777.",3,7
T000338,C00553,2023-10-19,Chat,Dúvida,Como faço para alterar meu plano? Podem me contatar no c00553@exemplo.com.br.,4,4
T000339,C00554,2025-01-28,Email,Cancelamento,Péssimo atendimento. Se não resolverem vou cancelar e migrar para o concorrente.,1,4
T000340,C00555,2025-01-18,Email,Dúvida,"Estou satisfeito com o serviço, tudo funcionando bem.",5,8
T000341,C00557,2024-03-18,Chat,Dúvida,"Muito bom o suporte de vocês, parabéns pela equipe.",5,6
T000342,C00557,2023-09-24,Chat,Cancelamento,Já pedi cancelamento e continuam cobrando. Falar com Elaine Ribeiro no telefone 21 3344-5566.,3,3
T000343,C00557,2024-04-05,Email,Dúvida,Gostaria de tirar uma dúvida sobre a minha fatura deste mês.,4,4
T000344,C00557,2025-02-24,Chat,Cobrança,Péssimo atendimento. Se não resolverem vou cancelar e migrar para o concorrente.,3,3
T000345,C00563,2023-03-20,Chat,Dúvida,"Muito bom o suporte de vocês, parabéns pela equipe.",4,6
T000346,C00563,2023-02-23,Email,Dúvida,"Atendimento excelente, resolveram meu problema rapidamente. Obrigado, Gabriela Araújo!",4,6
T000347,C00565,2023-09-17,Telefone,Dúvida,"Muito bom o suporte de vocês, parabéns pela equipe.",5,10
T000348,C00566,2023-09-04,Email,Dúvida,"Atendimento excelente, resolveram meu problema rapidamente. Obrigado, Paulo Moraes!",5,10
T000349,C00567,2025-04-06,Chat,Dúvida,"Preciso atualizar meus dados cadastrais, meu telefone é (31) 99888-7777.",4,4
T000350,C00567,2025-06-20,Telefone,Cobrança,"Preciso atualizar meus dados cadastrais, meu telefone é (31) 99888-7777.",4,4
T000351,C00567,2023-04-25,Email,Técnico,Já pedi cancelamento e continuam cobrando. Falar com Bruno Souza no telefone 21 3344-5566.,3,3
T000352,C00568,2024-01-14,Telefone,Dúvida,"Preciso atualizar meus dados cadastrais, meu telefone é (31) 99888-7777.",4,7
T000353,C00569,2023-02-05,Email,Cobrança,"Preciso atualizar meus dados cadastrais, meu telefone é (31) 99888-7777.",3,5
T000354,C00574,2023-12-07,Chat,Cancelamento,Já pedi cancelamento e continuam cobrando. Falar com Diego Melo no telefone 21 3344-5566.,3,5
T000355,C00575,2025-03-10,Chat,Dúvida,"Atendimento excelente, resolveram meu problema rapidamente. Obrigado, Diego Araújo!",5,6
T000356,C00580,2024-09-10,Chat,Cobrança,"Preciso atualizar meus dados cadastrais, meu telefone é (31) 99888-7777.",4,7
T000357,C00583,2023-10-23,Chat,Dúvida,"Preciso atualizar meus dados cadastrais, meu telefone é (31) 99888-7777.",4,8
T000358,C00585,2024-01-27,Email,Cobrança,Estou muito insatisfeito. Liguei várias vezes para (11) 98765-4321 e ninguém resolve meu problema.,1,1
T000359,C00585,2024-07-18,Telefone,Técnico,Péssimo atendimento. Se não resolverem vou cancelar e migrar para o concorrente.,1,1
T000360,C00590,2023-06-02,Telefone,Dúvida,"Muito bom o suporte de vocês, parabéns pela equipe.",4,9
T000361,C00591,2024-11-08,Email,Cancelamento,Péssimo atendimento. Se não resolverem vou cancelar e migrar para o concorrente.,2,6
T000362,C00591,2023-05-05,Email,Dúvida,"Estou satisfeito com o serviço, tudo funcionando bem.",4,10
T000363,C00593,2023-03-23,Telefone,Cobrança,Péssimo atendimento. Se não resolverem vou cancelar e migrar para o concorrente.,3,3
T000364,C00593,2023-01-06,Email,Técnico,"Serviço caindo toda hora, um absurdo. Meu email é c00593@exemplo.com.br e ainda não recebi retorno.",3,3
T000365,C00595,2023-04-19,Telefone,Técnico,Péssimo atendimento. Se não resolverem vou cancelar e migrar para o concorrente.,3,6
T000366,C00595,2025-04-13,Chat,Dúvida,"Muito bom o suporte de vocês, parabéns pela equipe.",5,9
T000367,C00596,2024-01-07,Telefone,Dúvida,"Estou satisfeito com o serviço, tudo funcionando bem.",5,10
T000368,C00597,2025-02-25,Email,Dúvida,Como faço para alterar meu plano? Podem me contatar no c00597@exemplo.com.br.,3,8
T000369,C00598,2024-03-23,Email,Dúvida,"Muito bom o suporte de vocês, parabéns pela equipe.",5,10
T000370,C00600,2023-11-08,Telefone,Dúvida,"Preciso atualizar meus dados cadastrais, meu telefone é (31) 99888-7777.",4,8
T000371,C00603,2023-09-15,Chat,Dúvida,"Atendimento excelente, resolveram meu problema rapidamente. Obrigado, Ana Ribeiro!",3,6
T000372,C00606,2023-06-10,Telefone,Técnico,Péssimo atendimento. Se não resolverem vou cancelar e migrar para o concorrente.,3,5
T000373,C00606,2025-03-22,Telefone,Cobrança,"Preciso atualizar meus dados cadastrais, meu telefone é (31) 99888-7777.",4,6
T000374,C00607,2025-02-22,Email,Dúvida,Gostaria de tirar uma dúvida sobre a minha fatura deste mês.,3,8
T000375,C00608,2025-04-15,Chat,Cobrança,Como faço para alterar meu plano? Podem me contatar no c00608@exemplo.com.br.,4,8
T000376,C00609,2025-05-03,Chat,Cancelamento,Já pedi cancelamento e continuam cobrando. Falar com Olívia Cardoso no telefone 21 3344-5566.,1,4
T000377,C00610,2024-02-08,Chat,Dúvida,Gostaria de tirar uma dúvida sobre a minha fatura deste mês.,3,6
T000378,C00611,2024-06-01,Telefone,Dúvida,"Muito bom o suporte de vocês, parabéns pela equipe.",4,7
T000379,C00612,2025-07-17,Telefone,Cobrança,Gostaria de tirar uma dúvida sobre a minha fatura deste mês.,3,7
T000380,C00614,2025-02-21,Telefone,Cobrança,"Preciso atualizar meus dados cadastrais, meu telefone é (31) 99888-7777.",2,3
T000381,C00614,2023-01-13,Telefone,Dúvida,Como faço para alterar meu plano? Podem me contatar no c00614@exemplo.com.br.,2,3
T000382,C00617,2023-11-13,Chat,Dúvida,"Atendimento excelente, resolveram meu problema rapidamente. Obrigado, Henrique Rocha!",4,6
T000383,C00620,2024-05-16,Chat,Dúvida,"Estou satisfeito com o serviço, tudo funcionando bem.",5,8
T000384,C00620,2024-07-12,Telefone,Dúvida,"Atendimento excelente, resolveram meu problema rapidamente. Obrigado, Marina Ribeiro!",5,8
T000385,C00621,2023-02-06,Chat,Dúvida,"Atendimento excelente, resolveram meu problema rapidamente. Obrigado, Quezia Pereira!",5,9
T000386,C00622,2023-08-22,Telefone,Dúvida,"Atendimento excelente, resolveram meu problema rapidamente. Obrigado, Marina Rocha!",5,6
T000387,C00625,2024-12-26,Telefone,Técnico,Estou muito insatisfeito. Liguei várias vezes para (11) 98765-4321 e ninguém resolve meu problema.,3,3
T000388,C00626,2023-08-14,Chat,Dúvida,Gostaria de tirar uma dúvida sobre a minha fatura deste mês.,4,8
T000389,C00630,2024-02-03,Telefone,Cobrança,"Preciso atualizar meus dados cadastrais, meu telefone é (31) 99888-7777.",3,5
T000390,C00634,2023-03-27,Chat,Cancelamento,Estou muito insatisfeito. Liguei várias vezes para (11) 98765-4321 e ninguém resolve meu problema.,1,6
T000391,C00639,2023-10-19,Telefone,Dúvida,Gostaria de tirar uma dúvida sobre a minha fatura deste mês.,4,8
T000392,C00639,2024-01-24,Email,Dúvida,"Atendimento excelente, resolveram meu problema rapidamente. Obrigado, Gabriela Ribeiro!",5,10
T000393,C00640,2023-09-16,Email,Cobrança,Péssimo atendimento. Se não resolverem vou cancelar e migrar para o concorrente.,3,6
T000394,C00642,2025-01-15,Email,Cobrança,Como faço para alterar meu plano? Podem me contatar no c00642@exemplo.com.br.,3,8
T000395,C00642,2024-07-03,Email,Dúvida,"Muito bom o suporte de vocês, parabéns pela equipe.",4,10
T000396,C00645,2024-08-22,Email,Dúvida,"Estou satisfeito com o serviço, tudo funcionando bem.",4,6
T000397,C00646,2024-12-05,Chat,Técnico,Péssimo atendimento. Se não resolverem vou cancelar e migrar para o concorrente.,1,4
T000398,C00646,2025-03-21,Email,Dúvida,"Muito bom o suporte de vocês, parabéns pela equipe.",3,6
T000399,C00648,2024-11-14,Telefone,Dúvida,"Estou satisfeito com o serviço, tudo funcionando bem.",5,9
T000400,C00650,2023-05-27,Email,Técnico,Já pedi cancelamento e continuam cobrando. Falar com Tiago Oliveira no telefone 21 3344-5566.,2,4
T000401,C00652,2024-10-13,Email,Cobrança,"Preciso atualizar meus dados cadastrais, meu telefone é (31) 99888-7777.",4,8
T000402,C00657,2025-05-06,Telefone,Dúvida,"Estou satisfeito com o serviço, tudo funcionando bem.",5,10
T000403,C00661,2023-05-23,Chat,Dúvida,"Atendimento excelente, resolveram meu problema rapidamente. Obrigado, Rafael Oliveira!",4,10
T000404,C00663,2023-07-25,Telefone,Cobrança,Como faço para alterar meu plano? Podem me contatar no c00663@exemplo.com.br.,2,6
T000405,C00669,2024-11-22,Chat,Dúvida,"Preciso atualizar meus dados cadastrais, meu telefone é (31) 99888-7777.",4,6
T000406,C00670,2024-09-03,Email,Cobrança,Gostaria de tirar uma dúvida sobre a minha fatura deste mês.,3,6
T000407,C00671,2025-01-13,Chat,Dúvida,"Muito bom o suporte de vocês, parabéns pela equipe.",5,7
T000408,C00672,2024-02-07,Telefone,Dúvida,Como faço para alterar meu plano? Podem me contatar no c00672@exemplo.com.br.,4,8
T000409,C00673,2024-09-25,Chat,Dúvida,Gostaria de tirar uma dúvida sobre a minha fatura deste mês.,2,6
T000410,C00675,2024-02-02,Chat,Dúvida,"Muito bom o suporte de vocês, parabéns pela equipe.",5,10
T000411,C00675,2024-05-03,Email,Dúvida,"Atendimento excelente, resolveram meu problema rapidamente. Obrigado, Ana Teixeira!",5,10
T000412,C00676,2023-08-27,Chat,Dúvida,"Preciso atualizar meus dados cadastrais, meu telefone é (31) 99888-7777.",4,5
T000413,C00678,2025-06-22,Telefone,Dúvida,"Muito bom o suporte de vocês, parabéns pela equipe.",4,8
T000414,C00679,2024-01-18,Chat,Cobrança,Como faço para alterar meu plano? Podem me contatar no c00679@exemplo.com.br.,4,4
T000415,C00682,2024-05-12,Email,Cobrança,Gostaria de tirar uma dúvida sobre a minha fatura deste mês.,3,8
T000416,C00689,2023-06-02,Telefone,Técnico,"Serviço caindo toda hora, um absurdo. Meu email é c00689@exemplo.com.br e ainda não recebi retorno.",1,6
T000417,C00690,2025-03-02,Email,Técnico,Já pedi cancelamento e continuam cobrando. Falar com Henrique Teixeira no telefone 21 3344-5566.,3,3
T000418,C00691,2023-12-08,Telefone,Cancelamento,Estou muito insatisfeito. Liguei várias vezes para (11) 98765-4321 e ninguém resolve meu problema.,3,4
T000419,C00691,2024-03-19,Email,Cobrança,Péssimo atendimento. Se não resolverem vou cancelar e migrar para o concorrente.,3,4
T000420,C00692,2023-10-23,Chat,Dúvida,"Atendimento excelente, resolveram meu problema rapidamente. Obrigado, João Almeida!",3,6
T000421,C00693,2025-04-27,Telefone,Dúvida,"Atendimento excelente, resolveram meu problema rapidamente. Obrigado, Gabriela Moraes!",4,7
T000422,C00697,2023-05-15,Email,Cancelamento,Estou muito insatisfeito. Liguei várias vezes para (11) 98765-4321 e ninguém resolve meu problema.,1,5
T000423,C00697,2024-12-13,Email,Dúvida,"Estou satisfeito com o serviço, tudo funcionando bem.",3,7
T000424,C00701,2023-06-22,Chat,Cancelamento,Já pedi cancelamento e continuam cobrando. Falar com Henrique Silva no telefone 21 3344-5566.,3,5
T000425,C00701,2023-01-13,Telefone,Dúvida,Como faço para alterar meu plano? Podem me contatar no c00701@exemplo.com.br.,4,6
T000426,C00703,2024-04-01,Email,Cobrança,Como faço para alterar meu plano? Podem me contatar no c00703@exemplo.com.br.,4,7
T000427,C00705,2023-04-20,Chat,Cobrança,"Serviço caindo toda hora, um absurdo. Meu email é c00705@exemplo.com.br e ainda não recebi retorno.",3,5
T000428,C00705,2025-08-26,Telefone,Técnico,Péssimo atendimento. Se não resolverem vou cancelar e migrar para o concorrente.,3,5
T000429,C00705,2023-09-10,Email,Dúvida,"Preciso atualizar meus dados cadastrais, meu telefone é (31) 99888-7777.",3,6
T000430,C00706,2023-12-21,Telefone,Dúvida,"Muito bom o suporte de vocês, parabéns pela equipe.",3,6
T000431,C00708,2023-01-18,Chat,Dúvida,"Atendimento excelente, resolveram meu problema rapidamente. Obrigado, Bruno Ferreira!",3,8
T000432,C00708,2024-06-17,Chat,Dúvida,"Estou satisfeito com o serviço, tudo funcionando bem.",3,8
T000433,C00709,2025-01-27,Telefone,Cobrança,Gostaria de tirar uma dúvida sobre a minha fatura deste mês.,2,6
T000434,C00711,2023-01-19,Chat,Dúvida,"Atendimento excelente, resolveram meu problema rapidamente. Obrigado, Elaine Carvalho!",3,6
T000435,C00711,2023-03-26,Telefone,Dúvida,"Estou satisfeito com o serviço, tudo funcionando bem.",3,6
T000436,C00712,2024-11-24,Email,Cobrança,Como faço para alterar meu plano? Podem me contatar no c00712@exemplo.com.br.,2,6
T000437,C00713,2025-04-23,Chat,Cancelamento,Péssimo atendimento. Se não resolverem vou cancelar e migrar para o concorrente.,1,4
T000438,C00713,2024-11-06,Chat,Técnico,Estou muito insatisfeito. Liguei várias vezes para (11) 98765-4321 e ninguém resolve meu problema.,1,4
T000439,C00714,2024-02-16,Chat,Dúvida,Como faço para alterar meu plano? Podem me contatar no c00714@exemplo.com.br.,3,8
T000440,C00716,2023-06-06,Email,Cobrança,Como faço para alterar meu plano? Podem me contatar no c00716@exemplo.com.br.,4,4
T000441,C00716,2023-12-02,Telefone,Dúvida,"Atendimento excelente, resolveram meu problema rapidamente. Obrigado, Felipe Araújo!",5,6
T000442,C00719,2025-01-12,Chat,Dúvida,"Atendimento excelente, resolveram meu problema rapidamente. Obrigado, Paulo Araújo!",5,10
T000443,C00720,2024-03-20,Telefone,Cobrança,"Preciso atualizar meus dados cadastrais, meu telefone é (31) 99888-7777.",3,7
T000444,C00720,2023-11-10,Email,Dúvida,"Atendimento excelente, resolveram meu problema rapidamente. Obrigado, Olívia Souza!",4,8
T000445,C00723,2025-08-12,Chat,Dúvida,"Estou satisfeito com o serviço, tudo funcionando bem.",5,10
T000446,C00724,2024-04-21,Telefone,Cobrança,"Preciso atualizar meus dados cadastrais, meu telefone é (31) 99888-7777.",2,6
T000447,C00729,2024-06-07,Email,Dúvida,Gostaria de tirar uma dúvida sobre a minha fatura deste mês.,3,8
T000448,C00732,2025-08-08,Telefone,Cobrança,"Serviço caindo toda hora, um absurdo. Meu email é c00732@exemplo.com.br e ainda não recebi retorno.",3,5
T000449,C00732,2024-11-14,Telefone,Cobrança,"Serviço caindo toda hora, um absurdo. Meu email é c00732@exemplo.com.br e ainda não recebi retorno.",3,5
T000450,C00734,2023-03-18,Email,Dúvida,"Preciso atualizar meus dados cadastrais, meu telefone é (31) 99888-7777.",3,7
T000451,C00737,2023-12-05,Email,Técnico,"Serviço caindo toda hora, um absurdo. Meu email é c00737@exemplo.com.br e ainda não recebi retorno.",2,5
T000452,C00737,2024-09-12,Chat,Dúvida,Como faço para alterar meu plano? Podem me contatar no c00737@exemplo.com.br.,3,6
T000453,C00741,2024-10-05,Chat,Cobrança,"Preciso atualizar meus dados cadastrais, meu telefone é (31) 99888-7777.",4,3
T000454,C00743,2024-08-03,Chat,Dúvida,"Atendimento excelente, resolveram meu problema rapidamente. Obrigado, Gabriela Oliveira!",5,8
T000455,C00745,2023-04-03,Telefone,Dúvida,"Preciso atualizar meus dados cadastrais, meu telefone é (31) 99888-7777.",2,3
T000456,C00745,2025-02-05,Chat,Dúvida,"Muito bom o suporte de vocês, parabéns pela equipe.",3,6
T000457,C00747,2023-01-14,Chat,Cobrança,"Preciso atualizar meus dados cadastrais, meu telefone é (31) 99888-7777.",3,6
T000458,C00749,2023-10-17,Email,Dúvida,"Preciso atualizar meus dados cadastrais, meu telefone é (31) 99888-7777.",4,7
T000459,C00750,2024-05-21,Telefone,Dúvida,Gostaria de tirar uma dúvida sobre a minha fatura deste mês.,3,7
T000460,C00751,2025-06-17,Email,Técnico,"Serviço caindo toda hora, um absurdo. Meu email é c00751@exemplo.com.br e ainda não recebi retorno.",2,5
T000461,C00752,2025-01-13,Chat,Dúvida,"Preciso atualizar meus dados cadastrais, meu telefone é (31) 99888-7777.",4,5
T000462,C00752,2025-08-14,Chat,Técnico,Já pedi cancelamento e continuam cobrando. Falar com João Silva no telefone 21 3344-5566.,3,4
T000463,C00753,2023-11-24,Telefone,Dúvida,"Preciso atualizar meus dados cadastrais, meu telefone é (31) 99888-7777.",4,8
T000464,C00754,2023-07-02,Telefone,Cobrança,Gostaria de tirar uma dúvida sobre a minha fatura deste mês.,3,6
T000465,C00755,2023-11-06,Email,Dúvida,"Estou satisfeito com o serviço, tudo funcionando bem.",5,10
T000466,C00757,2023-12-15,Chat,Cobrança,"Preciso atualizar meus dados cadastrais, meu telefone é (31) 99888-7777.",4,8
T000467,C00758,2023-05-22,Telefone,Dúvida,Como faço para alterar meu plano? Podem me contatar no c00758@exemplo.com.br.,4,8
T000468,C00761,2024-08-15,Chat,Cobrança,Como faço para alterar meu plano? Podem me contatar no c00761@exemplo.com.br.,4,5
T000469,C00761,2023-11-05,Chat,Técnico,Estou muito insatisfeito. Liguei várias vezes para (11) 98765-4321 e ninguém resolve meu problema.,3,4
T000470,C00762,2023-05-24,Telefone,Cobrança,Como faço para alterar meu plano? Podem me contatar no c00762@exemplo.com.br.,4,8
T000471,C00766,2023-03-17,Email,Cobrança,Gostaria de tirar uma dúvida sobre a minha fatura deste mês.,4,8
T000472,C00766,2025-07-24,Chat,Dúvida,Gostaria de tirar uma dúvida sobre a minha fatura deste mês.,4,8
T000473,C00767,2025-08-06,Telefone,Dúvida,"Atendimento excelente, resolveram meu problema rapidamente. Obrigado, João Almeida!",5,7
T000474,C00767,2023-11-23,Chat,Dúvida,"Preciso atualizar meus dados cadastrais, meu telefone é (31) 99888-7777.",4,6
T000475,C00768,2023-03-23,Email,Dúvida,Como faço para alterar meu plano? Podem me contatar no c00768@exemplo.com.br.,4,8
T000476,C00770,2024-07-02,Chat,Cobrança,"Serviço caindo toda hora, um absurdo. Meu email é c00770@exemplo.com.br e ainda não recebi retorno.",3,6
T000477,C00773,2023-11-27,Telefone,Dúvida,"Muito bom o suporte de vocês, parabéns pela equipe.",5,9
T000478,C00774,2023-06-20,Chat,Cobrança,Gostaria de tirar uma dúvida sobre a minha fatura deste mês.,3,7
T000479,C00774,2023-09-17,Chat,Cobrança,"Preciso atualizar meus dados cadastrais, meu telefone é (31) 99888-7777.",3,7
T000480,C00778,2024-08-12,Chat,Cobrança,Gostaria de tirar uma dúvida sobre a minha fatura deste mês.,4,8
T000481,C00778,2023-04-21,Chat,Dúvida,"Atendimento excelente, resolveram meu problema rapidamente. Obrigado, Quezia Araújo!",5,9
T000482,C00782,2023-09-05,Telefone,Dúvida,"Muito bom o suporte de vocês, parabéns pela equipe.",5,9
T000483,C00785,2024-01-13,Email,Dúvida,"Estou satisfeito com o serviço, tudo funcionando bem.",4,9
T000484,C00788,2023-07-06,Email,Dúvida,"Muito bom o suporte de vocês, parabéns pela equipe.",5,6
T000485,C00789,2023-05-21,Telefone,Cobrança,Já pedi cancelamento e continuam cobrando. Falar com Carla Melo no telefone 21 3344-5566.,3,6
T000486,C00790,2023-06-25,Email,Dúvida,"Preciso atualizar meus dados cadastrais, meu telefone é (31) 99888-7777.",4,8
T000487,C00793,2024-04-11,Email,Dúvida,"Estou satisfeito com o serviço, tudo funcionando bem.",5,10
T000488,C00796,2024-05-05,Email,Dúvida,"Atendimento excelente, resolveram meu problema rapidamente. Obrigado, Diego Rocha!",3,7
T000489,C00797,2023-12-28,Telefone,Dúvida,"Muito bom o suporte de vocês, parabéns pela equipe.",4,6
T000490,C00799,2023-09-02,Email,Dúvida,"Estou satisfeito com o serviço, tudo funcionando bem.",3,8
T000491,C00800,2025-03-25,Chat,Dúvida,"Atendimento excelente, resolveram meu problema rapidamente. Obrigado, Quezia Carvalho!",4,8
T000492,C00800,2023-02-20,Chat,Cobrança,"Preciso atualizar meus dados cadastrais, meu telefone é (31) 99888-7777.",3,7
T000493,C00805,2023-12-24,Email,Dúvida,"Muito bom o suporte de vocês, parabéns pela equipe.",5,10
T000494,C00805,2023-09-19,Email,Dúvida,"Muito bom o suporte de vocês, parabéns pela equipe.",5,10
T000495,C00806,2023-07-04,Chat,Cobrança,Péssimo atendimento. Se não resolverem vou cancelar e migrar para o concorrente.,3,6
T000496,C00807,2024-12-12,Telefone,Dúvida,"Muito bom o suporte de vocês, parabéns pela equipe.",5,10
T000497,C00809,2023-12-10,Telefone,Cancelamento,Péssimo atendimento. Se não resolverem vou cancelar e migrar para o concorrente.,3,5
T000498,C00809,2023-01-10,Telefone,Cobrança,"Serviço caindo toda hora, um absurdo. Meu email é c00809@exemplo.com.br e ainda não recebi retorno.",3,5
T000499,C00810,2023-02-20,Email,Cobrança,"Preciso atualizar meus dados cadastrais, meu telefone é (31) 99888-7777.",3,7
T000500,C00810,2023-07-02,Email,Dúvida,Como faço para alterar meu plano? Podem me contatar no c00810@exemplo.com.br.,3,7
T000501,C00813,2025-07-17,Email,Cobrança,"Serviço caindo toda hora, um absurdo. Meu email é c00813@exemplo.com.br e ainda não recebi retorno.",3,2
T000502,C00816,2023-02-01,Email,Cancelamento,"Serviço caindo toda hora, um absurdo. Meu email é c00816@exemplo.com.br e ainda não recebi retorno.",2,3
T000503,C00820,2023-03-09,Telefone,Dúvida,"Preciso atualizar meus dados cadastrais, meu telefone é (31) 99888-7777.",2,6
T000504,C00821,2023-10-04,Email,Técnico,Estou muito insatisfeito. Liguei várias vezes para (11) 98765-4321 e ninguém resolve meu problema.,3,6
T000505,C00821,2025-03-15,Email,Técnico,Já pedi cancelamento e continuam cobrando. Falar com Nuno Carvalho no telefone 21 3344-5566.,3,6
T000506,C00821,2024-02-21,Telefone,Técnico,Já pedi cancelamento e continuam cobrando. Falar com Nuno Carvalho no telefone 21 3344-5566.,3,6
T000507,C00822,2024-08-08,Telefone,Dúvida,Como faço para alterar meu plano? Podem me contatar no c00822@exemplo.com.br.,4,8
T000508,C00822,2024-11-21,Email,Cobrança,Gostaria de tirar uma dúvida sobre a minha fatura deste mês.,4,8
T000509,C00824,2023-04-01,Telefone,Dúvida,"Muito bom o suporte de vocês, parabéns pela equipe.",5,6
T000510,C00825,2024-03-03,Telefone,Cobrança,"Preciso atualizar meus dados cadastrais, meu telefone é (31) 99888-7777.",4,5
T000511,C00826,2023-10-20,Email,Cobrança,Péssimo atendimento. Se não resolverem vou cancelar e migrar para o concorrente.,3,3
T000512,C00826,2023-11-28,Email,Dúvida,"Preciso atualizar meus dados cadastrais, meu telefone é (31) 99888-7777.",3,4
T000513,C00826,2023-12-15,Telefone,Cancelamento,"Serviço caindo toda hora, um absurdo. Meu email é c00826@exemplo.com.br e ainda não recebi retorno.",3,3
T000514,C00827,2025-05-13,Chat,Cancelamento,Estou muito insatisfeito. Liguei várias vezes para (11) 98765-4321 e ninguém resolve meu problema.,1,6
T000515,C00827,2023-02-10,Chat,Dúvida,Como faço para alterar meu plano? Podem me contatar no c00827@exemplo.com.br.,2,8
T000516,C00828,2023-12-26,Telefone,Técnico,"Serviço caindo toda hora, um absurdo. Meu email é c00828@exemplo.com.br e ainda não recebi retorno.",3,6
T000517,C00828,2023-04-01,Telefone,Dúvida,"Estou satisfeito com o serviço, tudo funcionando bem.",4,9
T000518,C00829,2023-05-22,Telefone,Cobrança,"Preciso atualizar meus dados cadastrais, meu telefone é (31) 99888-7777.",4,8
T000519,C00830,2024-10-13,Telefone,Dúvida,"Muito bom o suporte de vocês, parabéns pela equipe.",3,10
T000520,C00836,2023-03-22,Email,Cancelamento,Já pedi cancelamento e continuam cobrando. Falar com Quezia Rocha no telefone 21 3344-5566.,3,4
T000521,C00842,2023-07-05,Email,Dúvida,"Atendimento excelente, resolveram meu problema rapidamente. Obrigado, Sofia Silva!",5,10
T000522,C00845,2023-09-26,Telefone,Cancelamento,Estou muito insatisfeito. Liguei várias vezes para (11) 98765-4321 e ninguém resolve meu problema.,3,6
T000523,C00849,2024-06-02,Chat,Dúvida,"Estou satisfeito com o serviço, tudo funcionando bem.",5,10
T000524,C00851,2025-02-03,Chat,Cobrança,"Preciso atualizar meus dados cadastrais, meu telefone é (31) 99888-7777.",3,7
T000525,C00852,2023-07-16,Email,Dúvida,"Atendimento excelente, resolveram meu problema rapidamente. Obrigado, Quezia Oliveira!",5,10
T000526,C00853,2023-12-02,Chat,Dúvida,"Muito bom o suporte de vocês, parabéns pela equipe.",5,10
T000527,C00853,2023-06-07,Chat,Dúvida,"Muito bom o suporte de vocês, parabéns pela equipe.",5,10
T000528,C00853,2024-01-02,Telefone,Cobrança,Gostaria de tirar uma dúvida sobre a minha fatura deste mês.,4,8
T000529,C00854,2023-06-19,Email,Dúvida,"Preciso atualizar meus dados cadastrais, meu telefone é (31) 99888-7777.",4,8
T000530,C00855,2024-03-16,Email,Dúvida,"Muito bom o suporte de vocês, parabéns pela equipe.",5,10
T000531,C00855,2024-10-23,Chat,Cobrança,Como faço para alterar meu plano? Podem me contatar no c00855@exemplo.com.br.,4,8
T000532,C00856,2024-01-25,Chat,Dúvida,"Atendimento excelente, resolveram meu problema rapidamente. Obrigado, Carla Rocha!",5,10
T000533,C00857,2025-02-19,Telefone,Dúvida,Gostaria de tirar uma dúvida sobre a minha fatura deste mês.,4,5
T000534,C00857,2024-01-06,Telefone,Dúvida,"Muito bom o suporte de vocês, parabéns pela equipe.",5,6
T000535,C00860,2024-03-17,Telefone,Dúvida,"Estou satisfeito com o serviço, tudo funcionando bem.",5,10
T000536,C00862,2025-06-07,Telefone,Técnico,"Serviço caindo toda hora, um absurdo. Meu email é c00862@exemplo.com.br e ainda não recebi retorno.",3,5
T000537,C00862,2023-04-27,Email,Cobrança,Estou muito insatisfeito. Liguei várias vezes para (11) 98765-4321 e ninguém resolve meu problema.,3,5
T000538,C00864,2024-01-17,Email,Cobrança,"Preciso atualizar meus dados cadastrais, meu telefone é (31) 99888-7777.",2,8
T000539,C00869,2024-08-02,Chat,Dúvida,"Muito bom o suporte de vocês, parabéns pela equipe.",5,8
T000540,C00873,2024-01-17,Telefone,Cobrança,Péssimo atendimento. Se não resolverem vou cancelar e migrar para o concorrente.,2,0
T000541,C00873,2023-05-24,Chat,Dúvida,"Estou satisfeito com o serviço, tudo funcionando bem.",3,6
T000542,C00874,2023-08-01,Email,Dúvida,"Preciso atualizar meus dados cadastrais, meu telefone é (31) 99888-7777.",4,7
T000543,C00875,2025-06-03,Telefone,Dúvida,"Atendimento excelente, resolveram meu problema rapidamente. Obrigado, Diego Souza!",5,9
T000544,C00876,2023-01-07,Telefone,Dúvida,"Preciso atualizar meus dados cadastrais, meu telefone é (31) 99888-7777.",4,8
T000545,C00876,2025-04-15,Email,Cobrança,Péssimo atendimento. Se não resolverem vou cancelar e migrar para o concorrente.,3,6
T000546,C00877,2024-05-02,Email,Dúvida,"Muito bom o suporte de vocês, parabéns pela equipe.",5,10
T000547,C00880,2023-10-22,Email,Dúvida,"Muito bom o suporte de vocês, parabéns pela equipe.",5,10
T000548,C00880,2023-11-02,Email,Dúvida,Gostaria de tirar uma dúvida sobre a minha fatura deste mês.,4,8
T000549,C00883,2024-06-10,Chat,Cobrança,Como faço para alterar meu plano? Podem me contatar no c00883@exemplo.com.br.,4,8
T000550,C00885,2023-11-18,Email,Cobrança,Gostaria de tirar uma dúvida sobre a minha fatura deste mês.,4,4
T000551,C00890,2024-11-06,Telefone,Cobrança,"Preciso atualizar meus dados cadastrais, meu telefone é (31) 99888-7777.",3,5
T000552,C00891,2025-03-10,Chat,Dúvida,"Estou satisfeito com o serviço, tudo funcionando bem.",5,10
T000553,C00891,2024-12-06,Chat,Dúvida,Como faço para alterar meu plano? Podem me contatar no c00891@exemplo.com.br.,4,8
T000554,C00893,2023-01-10,Chat,Cobrança,Péssimo atendimento. Se não resolverem vou cancelar e migrar para o concorrente.,3,6
T000555,C00894,2023-02-18,Chat,Dúvida,"Estou satisfeito com o serviço, tudo funcionando bem.",4,7
T000556,C00903,2024-02-18,Telefone,Cancelamento,Estou muito insatisfeito. Liguei várias vezes para (11) 98765-4321 e ninguém resolve meu problema.,3,5
T000557,C00905,2024-02-09,Email,Dúvida,Gostaria de tirar uma dúvida sobre a minha fatura deste mês.,4,8
T000558,C00911,2024-01-11,Chat,Cobrança,Gostaria de tirar uma dúvida sobre a minha fatura deste mês.,3,8
T000559,C00920,2023-04-25,Email,Cobrança,Estou muito insatisfeito. Liguei várias vezes para (11) 98765-4321 e ninguém resolve meu problema.,3,6
T000560,C00922,2024-10-12,Telefone,Dúvida,"Atendimento excelente, resolveram meu problema rapidamente. Obrigado, Ana Barbosa!",5,9
T000561,C00924,2024-05-22,Email,Dúvida,"Preciso atualizar meus dados cadastrais, meu telefone é (31) 99888-7777.",4,6
T000562,C00925,2023-12-21,Email,Cancelamento,Estou muito insatisfeito. Liguei várias vezes para (11) 98765-4321 e ninguém resolve meu problema.,3,6
T000563,C00925,2024-10-21,Email,Cobrança,Gostaria de tirar uma dúvida sobre a minha fatura deste mês.,4,8
T000564,C00928,2023-05-03,Email,Cobrança,Como faço para alterar meu plano? Podem me contatar no c00928@exemplo.com.br.,2,7
T000565,C00929,2024-11-18,Email,Dúvida,"Estou satisfeito com o serviço, tudo funcionando bem.",3,7
T000566,C00931,2023-01-15,Chat,Dúvida,Gostaria de tirar uma dúvida sobre a minha fatura deste mês.,4,6
T000567,C00936,2024-01-08,Telefone,Dúvida,"Atendimento excelente, resolveram meu problema rapidamente. Obrigado, Marina Carvalho!",4,8
T000568,C00937,2024-11-14,Email,Cobrança,Estou muito insatisfeito. Liguei várias vezes para (11) 98765-4321 e ninguém resolve meu problema.,3,6
T000569,C00938,2024-10-07,Telefone,Cobrança,Péssimo atendimento. Se não resolverem vou cancelar e migrar para o concorrente.,1,1
T000570,C00939,2024-02-20,Telefone,Cobrança,Estou muito insatisfeito. Liguei várias vezes para (11) 98765-4321 e ninguém resolve meu problema.,3,5
T000571,C00943,2025-05-14,Chat,Dúvida,"Muito bom o suporte de vocês, parabéns pela equipe.",5,10
T000572,C00946,2023-10-28,Chat,Técnico,Péssimo atendimento. Se não resolverem vou cancelar e migrar para o concorrente.,3,6
T000573,C00948,2023-09-22,Telefone,Dúvida,"Estou satisfeito com o serviço, tudo funcionando bem.",5,10
T000574,C00949,2023-12-04,Email,Cancelamento,Estou muito insatisfeito. Liguei várias vezes para (11) 98765-4321 e ninguém resolve meu problema.,2,4
T000575,C00949,2023-11-27,Chat,Cobrança,"Preciso atualizar meus dados cadastrais, meu telefone é (31) 99888-7777.",2,5
T000576,C00950,2025-06-18,Chat,Cobrança,Como faço para alterar meu plano? Podem me contatar no c00950@exemplo.com.br.,4,8
T000577,C00951,2023-04-21,Telefone,Cancelamento,Estou muito insatisfeito. Liguei várias vezes para (11) 98765-4321 e ninguém resolve meu problema.,2,2
T000578,C00951,2023-01-14,Chat,Cobrança,Gostaria de tirar uma dúvida sobre a minha fatura deste mês.,2,3
T000579,C00954,2023-11-27,Email,Técnico,"Serviço caindo toda hora, um absurdo. Meu email é c00954@exemplo.com.br e ainda não recebi retorno.",3,3
T000580,C00955,2023-08-25,Email,Cobrança,Como faço para alterar meu plano? Podem me contatar no c00955@exemplo.com.br.,4,8
T000581,C00958,2025-03-03,Email,Dúvida,"Preciso atualizar meus dados cadastrais, meu telefone é (31) 99888-7777.",3,7
T000582,C00959,2025-03-07,Email,Técnico,Péssimo atendimento. Se não resolverem vou cancelar e migrar para o concorrente.,3,3
T000583,C00959,2024-09-16,Email,Cobrança,Péssimo atendimento. Se não resolverem vou cancelar e migrar para o concorrente.,3,3
T000584,C00960,2024-09-01,Chat,Dúvida,"Muito bom o suporte de vocês, parabéns pela equipe.",5,8
T000585,C00962,2024-02-13,Telefone,Dúvida,"Preciso atualizar meus dados cadastrais, meu telefone é (31) 99888-7777.",3,8
T000586,C00963,2025-04-17,Chat,Dúvida,"Estou satisfeito com o serviço, tudo funcionando bem.",5,10
T000587,C00964,2023-05-18,Chat,Cancelamento,Já pedi cancelamento e continuam cobrando. Falar com Karina Almeida no telefone 21 3344-5566.,2,6
T000588,C00965,2024-11-22,Email,Cobrança,Como faço para alterar meu plano? Podem me contatar no c00965@exemplo.com.br.,3,8
T000589,C00965,2024-03-09,Telefone,Dúvida,"Estou satisfeito com o serviço, tudo funcionando bem.",4,9
T000590,C00965,2025-02-26,Telefone,Cobrança,Estou muito insatisfeito. Liguei várias vezes para (11) 98765-4321 e ninguém resolve meu problema.,3,6
T000591,C00966,2023-05-18,Telefone,Técnico,Péssimo atendimento. Se não resolverem vou cancelar e migrar para o concorrente.,1,3
T000592,C00972,2023-01-24,Telefone,Dúvida,Como faço para alterar meu plano? Podem me contatar no c00972@exemplo.com.br.,3,3
T000593,C00972,2023-02-03,Chat,Cancelamento,Já pedi cancelamento e continuam cobrando. Falar com Sofia Martins no telefone 21 3344-5566.,3,1
T000594,C00974,2024-11-22,Chat,Dúvida,"Muito bom o suporte de vocês, parabéns pela equipe.",5,10
T000595,C00975,2023-08-02,Chat,Cobrança,Estou muito insatisfeito. Liguei várias vezes para (11) 98765-4321 e ninguém resolve meu problema.,3,6
T000596,C00976,2024-08-09,Email,Dúvida,Como faço para alterar meu plano? Podem me contatar no c00976@exemplo.com.br.,3,4
T000597,C00977,2024-10-12,Telefone,Dúvida,"Muito bom o suporte de vocês, parabéns pela equipe.",4,7
T000598,C00980,2023-12-20,Chat,Técnico,Péssimo atendimento. Se não resolverem vou cancelar e migrar para o concorrente.,1,5
T000599,C00980,2023-10-03,Email,Técnico,"Serviço caindo toda hora, um absurdo. Meu email é c00980@exemplo.com.br e ainda não recebi retorno.",2,5
T000600,C00981,2023-12-03,Telefone,Dúvida,"Estou satisfeito com o serviço, tudo funcionando bem.",4,7
T000601,C00981,2023-01-07,Email,Dúvida,"Atendimento excelente, resolveram meu problema rapidamente. Obrigado, Nuno Barbosa!",4,7
T000602,C00983,2024-04-11,Email,Dúvida,Gostaria de tirar uma dúvida sobre a minha fatura deste mês.,4,8
T000603,C00988,2023-01-06,Chat,Dúvida,"Preciso atualizar meus dados cadastrais, meu telefone é (31) 99888-7777.",2,3
T000604,C00990,2024-04-15,Telefone,Técnico,"Serviço caindo toda hora, um absurdo. Meu email é c00990@exemplo.com.br e ainda não recebi retorno.",3,6
T000605,C00991,2025-01-15,Telefone,Dúvida,"Estou satisfeito com o serviço, tudo funcionando bem.",5,10
T000606,C00991,2023-07-18,Chat,Cobrança,"Preciso atualizar meus dados cadastrais, meu telefone é (31) 99888-7777.",4,8
T000607,C00995,2024-10-21,Telefone,Dúvida,Como faço para alterar meu plano? Podem me contatar no c00995@exemplo.com.br.,3,6
T000608,C00999,2024-02-16,Chat,Técnico,Já pedi cancelamento e continuam cobrando. Falar com Ana Moraes no telefone 21 3344-5566.,3,6
T000609,C01001,2023-04-03,Telefone,Dúvida,"Estou satisfeito com o serviço, tudo funcionando bem.",5,10
T000610,C01002,2025-08-16,Telefone,Técnico,Péssimo atendimento. Se não resolverem vou cancelar e migrar para o concorrente.,3,6
T000611,C01003,2025-08-02,Telefone,Cobrança,Como faço para alterar meu plano? Podem me contatar no c01003@exemplo.com.br.,4,6
T000612,C01006,2024-01-07,Telefone,Cobrança,Como faço para alterar meu plano? Podem me contatar no c01006@exemplo.com.br.,2,7
T000613,C01009,2023-05-28,Email,Cobrança,Gostaria de tirar uma dúvida sobre a minha fatura deste mês.,3,6
T000614,C01011,2023-11-27,Telefone,Dúvida,"Muito bom o suporte de vocês, parabéns pela equipe.",5,10
T000615,C01011,2023-03-11,Chat,Dúvida,"Atendimento excelente, resolveram meu problema rapidamente. Obrigado, Quezia Gomes!",5,10
T000616,C01013,2023-05-26,Telefone,Dúvida,"Preciso atualizar meus dados cadastrais, meu telefone é (31) 99888-7777.",3,7
T000617,C01016,2024-04-28,Email,Cobrança,"Serviço caindo toda hora, um absurdo. Meu email é c01016@exemplo.com.br e ainda não recebi retorno.",1,0
T000618,C01016,2024-03-26,Chat,Dúvida,Como faço para alterar meu plano? Podem me contatar no c01016@exemplo.com.br.,2,3
T000619,C01016,2024-08-07,Chat,Técnico,Já pedi cancelamento e continuam cobrando. Falar com Carla Martins no telefone 21 3344-5566.,2,0
T000620,C01018,2023-02-24,Email,Dúvida,"Estou satisfeito com o serviço, tudo funcionando bem.",4,6
T000621,C01019,2023-03-27,Telefone,Cobrança,Como faço para alterar meu plano? Podem me contatar no c01019@exemplo.com.br.,4,7
T000622,C01019,2024-02-19,Email,Dúvida,"Atendimento excelente, resolveram meu problema rapidamente. Obrigado, Marina Ribeiro!",5,8
T000623,C01020,2024-03-26,Telefone,Cobrança,"Preciso atualizar meus dados cadastrais, meu telefone é (31) 99888-7777.",2,5
T000624,C01020,2024-04-06,Email,Dúvida,"Preciso atualizar meus dados cadastrais, meu telefone é (31) 99888-7777.",2,5
T000625,C01021,2023-02-10,Telefone,Cobrança,Gostaria de tirar uma dúvida sobre a minha fatura deste mês.,2,5
T000626,C01023,2023-07-11,Telefone,Cobrança,"Serviço caindo toda hora, um absurdo. Meu email é c01023@exemplo.com.br e ainda não recebi retorno.",2,4
T000627,C01023,2023-05-09,Chat,Dúvida,"Muito bom o suporte de vocês, parabéns pela equipe.",4,6
T000628,C01024,2024-11-01,Telefone,Dúvida,"Preciso atualizar meus dados cadastrais, meu telefone é (31) 99888-7777.",4,5
T000629,C01025,2023-01-01,Email,Cobrança,Gostaria de tirar uma dúvida sobre a minha fatura deste mês.,4,3
T000630,C01026,2024-04-05,Chat,Cobrança,Como faço para alterar meu plano? Podem me contatar no c01026@exemplo.com.br.,3,8
T000631,C01029,2025-01-07,Email,Dúvida,"Estou satisfeito com o serviço, tudo funcionando bem.",3,6
T000632,C01030,2024-03-24,Email,Dúvida,"Atendimento excelente, resolveram meu problema rapidamente. Obrigado, Tiago Oliveira!",5,9
T000633,C01030,2024-01-13,Email,Cobrança,Gostaria de tirar uma dúvida sobre a minha fatura deste mês.,4,8
T000634,C01032,2023-05-18,Email,Dúvida,"Atendimento excelente, resolveram meu problema rapidamente. Obrigado, Paulo Oliveira!",5,10
T000635,C01032,2024-11-07,Telefone,Dúvida,"Preciso atualizar meus dados cadastrais, meu telefone é (31) 99888-7777.",4,8
T000636,C01036,2023-09-19,Email,Dúvida,"Muito bom o suporte de vocês, parabéns pela equipe.",3,8
T000637,C01036,2023-10-02,Chat,Dúvida,"Atendimento excelente, resolveram meu problema rapidamente. Obrigado, Karina Martins!",3,8
T000638,C01037,2023-01-28,Telefone,Dúvida,"Estou satisfeito com o serviço, tudo funcionando bem.",5,10
T000639,C01038,2023-01-03,Chat,Cobrança,"Preciso atualizar meus dados cadastrais, meu telefone é (31) 99888-7777.",4,8
T000640,C01038,2024-05-14,Telefone,Dúvida,"Muito bom o suporte de vocês, parabéns pela equipe.",5,9
T000641,C01040,2023-02-24,Telefone,Dúvida,"Estou satisfeito com o serviço, tudo funcionando bem.",4,10
T000642,C01040,2025-07-25,Telefone,Dúvida,"Preciso atualizar meus dados cadastrais, meu telefone é (31) 99888-7777.",3,8
T000643,C01041,2023-08-09,Chat,Dúvida,"Muito bom o suporte de vocês, parabéns pela equipe.",5,10
T000644,C01045,2023-11-13,Email,Dúvida,Gostaria de tirar uma dúvida sobre a minha fatura deste mês.,3,4
T000645,C01045,2023-10-11,Email,Cobrança,Estou muito insatisfeito. Liguei várias vezes para (11) 98765-4321 e ninguém resolve meu problema.,3,3
T000646,C01047,2023-07-25,Telefone,Dúvida,"Muito bom o suporte de vocês, parabéns pela equipe.",3,6
T000647,C01048,2024-01-04,Telefone,Técnico,"Serviço caindo toda hora, um absurdo. Meu email é c01048@exemplo.com.br e ainda não recebi retorno.",3,6
T000648,C01049,2024-05-16,Chat,Cobrança,Já pedi cancelamento e continuam cobrando. Falar com Nuno Lima no telefone 21 3344-5566.,3,6
T000649,C01049,2025-07-03,Chat,Dúvida,"Estou satisfeito com o serviço, tudo funcionando bem.",5,8
T000650,C01050,2024-10-22,Email,Dúvida,"Estou satisfeito com o serviço, tudo funcionando bem.",5,8
T000651,C01050,2023-10-19,Email,Dúvida,"Preciso atualizar meus dados cadastrais, meu telefone é (31) 99888-7777.",4,7
T000652,C01053,2024-11-11,Chat,Cobrança,"Preciso atualizar meus dados cadastrais, meu telefone é (31) 99888-7777.",2,3
T000653,C01055,2023-09-06,Email,Cobrança,Como faço para alterar meu plano? Podem me contatar no c01055@exemplo.com.br.,4,3
T000654,C01058,2024-07-20,Telefone,Dúvida,Gostaria de tirar uma dúvida sobre a minha fatura deste mês.,2,7
T000655,C01059,2024-01-26,Chat,Técnico,Péssimo atendimento. Se não resolverem vou cancelar e migrar para o concorrente.,2,6
T000656,C01060,2023-01-07,Chat,Dúvida,"Estou satisfeito com o serviço, tudo funcionando bem.",3,6
T000657,C01064,2023-11-12,Email,Dúvida,"Atendimento excelente, resolveram meu problema rapidamente. Obrigado, Gabriela Oliveira!",5,10
T000658,C01064,2024-08-18,Telefone,Dúvida,Como faço para alterar meu plano? Podem me contatar no c01064@exemplo.com.br.,4,8
T000659,C01065,2023-08-12,Email,Dúvida,"Estou satisfeito com o serviço, tudo funcionando bem.",5,6
T000660,C01067,2025-01-20,Email,Técnico,Estou muito insatisfeito. Liguei várias vezes para (11) 98765-4321 e ninguém resolve meu problema.,1,4
T000661,C01067,2024-05-08,Chat,Técnico,Já pedi cancelamento e continuam cobrando. Falar com Carla Carvalho no telefone 21 3344-5566.,1,4
T000662,C01068,2023-02-06,Email,Dúvida,Como faço para alterar meu plano? Podem me contatar no c01068@exemplo.com.br.,3,7
T000663,C01069,2023-02-25,Chat,Dúvida,"Muito bom o suporte de vocês, parabéns pela equipe.",3,6
T000664,C01075,2024-03-27,Email,Dúvida,"Atendimento excelente, resolveram meu problema rapidamente. Obrigado, Henrique Oliveira!",3,9
T000665,C01075,2023-04-04,Telefone,Cobrança,Péssimo atendimento. Se não resolverem vou cancelar e migrar para o concorrente.,2,6
T000666,C01078,2024-11-18,Email,Cobrança,Gostaria de tirar uma dúvida sobre a minha fatura deste mês.,4,8
T000667,C01081,2023-09-23,Telefone,Cobrança,Como faço para alterar meu plano? Podem me contatar no c01081@exemplo.com.br.,2,5
T000668,C01081,2023-11-15,Email,Cobrança,Gostaria de tirar uma dúvida sobre a minha fatura deste mês.,2,5
T000669,C01083,2023-01-15,Chat,Dúvida,"Estou satisfeito com o serviço, tudo funcionando bem.",5,10
T000670,C01083,2023-06-25,Chat,Dúvida,"Atendimento excelente, resolveram meu problema rapidamente. Obrigado, Lucas Lima!",5,10
T000671,C01084,2023-04-10,Chat,Dúvida,"Muito bom o suporte de vocês, parabéns pela equipe.",4,6
T000672,C01084,2023-04-23,Email,Cobrança,Estou muito insatisfeito. Liguei várias vezes para (11) 98765-4321 e ninguém resolve meu problema.,2,2
T000673,C01086,2023-12-09,Email,Cobrança,Gostaria de tirar uma dúvida sobre a minha fatura deste mês.,3,5
T000674,C01089,2025-04-18,Chat,Dúvida,Gostaria de tirar uma dúvida sobre a minha fatura deste mês.,4,8
T000675,C01092,2023-06-10,Telefone,Dúvida,Gostaria de tirar uma dúvida sobre a minha fatura deste mês.,3,3
T000676,C01092,2025-08-03,Email,Cancelamento,"Serviço caindo toda hora, um absurdo. Meu email é c01092@exemplo.com.br e ainda não recebi retorno.",2,1
T000677,C01093,2023-02-02,Chat,Dúvida,"Muito bom o suporte de vocês, parabéns pela equipe.",5,10
T000678,C01093,2023-02-27,Chat,Dúvida,Como faço para alterar meu plano? Podem me contatar no c01093@exemplo.com.br.,4,8
T000679,C01094,2023-05-02,Email,Cobrança,"Preciso atualizar meus dados cadastrais, meu telefone é (31) 99888-7777.",3,5
T000680,C01094,2025-08-23,Chat,Cobrança,Gostaria de tirar uma dúvida sobre a minha fatura deste mês.,3,5
T000681,C01097,2024-06-26,Email,Cancelamento,Já pedi cancelamento e continuam cobrando. Falar com João Araújo no telefone 21 3344-5566.,1,4
T000682,C01097,2023-11-16,Email,Cobrança,Como faço para alterar meu plano? Podem me contatar no c01097@exemplo.com.br.,2,5
T000683,C01098,2024-01-22,Telefone,Técnico,Péssimo atendimento. Se não resolverem vou cancelar e migrar para o concorrente.,1,6
T000684,C01100,2024-09-26,Telefone,Dúvida,"Muito bom o suporte de vocês, parabéns pela equipe.",5,10
T000685,C01102,2025-07-18,Telefone,Dúvida,"Muito bom o suporte de vocês, parabéns pela equipe.",5,8
T000686,C01102,2023-01-18,Chat,Dúvida,"Atendimento excelente, resolveram meu problema rapidamente. Obrigado, Rafael Almeida!",5,8
T000687,C01103,2023-06-10,Email,Dúvida,Gostaria de tirar uma dúvida sobre a minha fatura deste mês.,4,8
T000688,C01103,2025-07-16,Email,Cobrança,"Preciso atualizar meus dados cadastrais, meu telefone é (31) 99888-7777.",4,8
T000689,C01111,2023-07-05,Email,Cobrança,"Preciso atualizar meus dados cadastrais, meu telefone é (31) 99888-7777.",2,4
T000690,C01112,2023-01-27,Chat,Dúvida,"Atendimento excelente, resolveram meu problema rapidamente. Obrigado, Sofia Santos!",4,7
T000691,C01112,2024-01-07,Telefone,Cobrança,"Preciso atualizar meus dados cadastrais, meu telefone é (31) 99888-7777.",3,6
T000692,C01113,2023-01-02,Chat,Dúvida,"Estou satisfeito com o serviço, tudo funcionando bem.",5,10
T000693,C01115,2024-06-28,Email,Cobrança,Gostaria de tirar uma dúvida sobre a minha fatura deste mês.,4,7
T000694,C01116,2023-04-16,Email,Dúvida,"Muito bom o suporte de vocês, parabéns pela equipe.",4,7
T000695,C01116,2024-10-27,Email,Técnico,Já pedi cancelamento e continuam cobrando. Falar com Tiago Costa no telefone 21 3344-5566.,2,5
T000696,C01120,2025-02-15,Chat,Cancelamento,"Serviço caindo toda hora, um absurdo. Meu email é c01120@exemplo.com.br e ainda não recebi retorno.",3,6
T000697,C01121,2024-03-05,Telefone,Dúvida,"Muito bom o suporte de vocês, parabéns pela equipe.",4,9
T000698,C01121,2023-03-23,Chat,Dúvida,"Muito bom o suporte de vocês, parabéns pela equipe.",4,9
T000699,C01122,2025-01-01,Email,Cancelamento,Estou muito insatisfeito. Liguei várias vezes para (11) 98765-4321 e ninguém resolve meu problema.,3,6
T000700,C01124,2023-06-07,Chat,Cancelamento,Péssimo atendimento. Se não resolverem vou cancelar e migrar para o concorrente.,2,4
T000701,C01125,2023-09-12,Email,Cancelamento,Já pedi cancelamento e continuam cobrando. Falar com João Moraes no telefone 21 3344-5566.,1,2
T000702,C01125,2023-06-24,Email,Técnico,Já pedi cancelamento e continuam cobrando. Falar com João Moraes no telefone 21 3344-5566.,1,2
T000703,C01126,2024-05-09,Email,Dúvida,"Preciso atualizar meus dados cadastrais, meu telefone é (31) 99888-7777.",3,8
T000704,C01127,2023-04-25,Email,Cobrança,"Preciso atualizar meus dados cadastrais, meu telefone é (31) 99888-7777.",4,7
T000705,C01128,2025-04-04,Email,Dúvida,Como faço para alterar meu plano? Podem me contatar no c01128@exemplo.com.br.,4,7
T000706,C01134,2025-03-02,Chat,Dúvida,"Estou satisfeito com o serviço, tudo funcionando bem.",4,8
T000707,C01134,2025-04-21,Email,Cancelamento,Estou muito insatisfeito. Liguei várias vezes para (11) 98765-4321 e ninguém resolve meu problema.,3,6
T000708,C01134,2025-08-11,Email,Dúvida,Como faço para alterar meu plano? Podem me contatar no c01134@exemplo.com.br.,3,7
T000709,C01141,2025-08-04,Chat,Cobrança,Como faço para alterar meu plano? Podem me contatar no c01141@exemplo.com.br.,3,8
T000710,C01144,2024-12-22,Telefone,Cancelamento,"Serviço caindo toda hora, um absurdo. Meu email é c01144@exemplo.com.br e ainda não recebi retorno.",3,4
T000711,C01144,2024-08-25,Chat,Cobrança,Estou muito insatisfeito. Liguei várias vezes para (11) 98765-4321 e ninguém resolve meu problema.,3,4
T000712,C01144,2023-04-23,Telefone,Cobrança,Péssimo atendimento. Se não resolverem vou cancelar e migrar para o concorrente.,3,4
T000713,C01149,2025-05-06,Telefone,Dúvida,"Preciso atualizar meus dados cadastrais, meu telefone é (31) 99888-7777.",4,8
T000714,C01151,2024-06-07,Email,Cobrança,"Preciso atualizar meus dados cadastrais, meu telefone é (31) 99888-7777.",4,7
T000715,C01153,2025-04-24,Chat,Dúvida,"Atendimento excelente, resolveram meu problema rapidamente. Obrigado, Carla Lima!",4,7
T000716,C01155,2023-12-18,Telefone,Dúvida,"Estou satisfeito com o serviço, tudo funcionando bem.",4,8
T000717,C01157,2024-04-22,Email,Dúvida,Como faço para alterar meu plano? Podem me contatar no c01157@exemplo.com.br.,4,8
T000718,C01159,2024-09-07,Email,Cobrança,Como faço para alterar meu plano? Podem me contatar no c01159@exemplo.com.br.,4,8
T000719,C01159,2024-04-05,Chat,Dúvida,"Estou satisfeito com o serviço, tudo funcionando bem.",5,9
T000720,C01159,2023-04-12,Chat,Dúvida,Gostaria de tirar uma dúvida sobre a minha fatura deste mês.,4,8
T000721,C01163,2024-06-28,Email,Dúvida,Como faço para alterar meu plano? Podem me contatar no c01163@exemplo.com.br.,4,8
T000722,C01165,2023-08-06,Chat,Dúvida,"Muito bom o suporte de vocês, parabéns pela equipe.",5,9
T000723,C01166,2023-05-09,Telefone,Dúvida,"Preciso atualizar meus dados cadastrais, meu telefone é (31) 99888-7777.",3,8
T000724,C01166,2023-09-24,Telefone,Dúvida,"Preciso atualizar meus dados cadastrais, meu telefone é (31) 99888-7777.",3,8
T000725,C01166,2023-01-13,Chat,Cobrança,Gostaria de tirar uma dúvida sobre a minha fatura deste mês.,3,8
T000726,C01166,2025-01-05,Telefone,Cobrança,"Serviço caindo toda hora, um absurdo. Meu email é c01166@exemplo.com.br e ainda não recebi retorno.",3,6
T000727,C01167,2024-02-26,Chat,Dúvida,"Atendimento excelente, resolveram meu problema rapidamente. Obrigado, Elaine Carvalho!",5,10
T000728,C01168,2025-05-01,Telefone,Cobrança,"Preciso atualizar meus dados cadastrais, meu telefone é (31) 99888-7777.",3,6
T000729,C01176,2023-02-08,Telefone,Cobrança,"Serviço caindo toda hora, um absurdo. Meu email é c01176@exemplo.com.br e ainda não recebi retorno.",3,6
T000730,C01180,2023-05-01,Telefone,Cobrança,Já pedi cancelamento e continuam cobrando. Falar com Tiago Carvalho no telefone 21 3344-5566.,3,3
T000731,C01180,2023-01-10,Email,Dúvida,"Muito bom o suporte de vocês, parabéns pela equipe.",5,6
T000732,C01183,2023-02-25,Email,Dúvida,"Estou satisfeito com o serviço, tudo funcionando bem.",5,6
T000733,C01183,2023-02-19,Email,Cobrança,Como faço para alterar meu plano? Podem me contatar no c01183@exemplo.com.br.,4,5
T000734,C01183,2023-01-10,Chat,Cobrança,"Serviço caindo toda hora, um absurdo. Meu email é c01183@exemplo.com.br e ainda não recebi retorno.",3,4
T000735,C01186,2024-05-04,Telefone,Dúvida,"Atendimento excelente, resolveram meu problema rapidamente. Obrigado, Gabriela Cardoso!",5,6
T000736,C01188,2023-01-21,Telefone,Cobrança,"Serviço caindo toda hora, um absurdo. Meu email é c01188@exemplo.com.br e ainda não recebi retorno.",3,6
T000737,C01189,2025-05-21,Chat,Dúvida,"Atendimento excelente, resolveram meu problema rapidamente. Obrigado, Diego Araújo!",5,10
T000738,C01191,2024-09-21,Telefone,Cobrança,Gostaria de tirar uma dúvida sobre a minha fatura deste mês.,2,6
T000739,C01193,2024-02-21,Email,Dúvida,Gostaria de tirar uma dúvida sobre a minha fatura deste mês.,4,8
T000740,C01202,2025-03-16,Telefone,Dúvida,"Preciso atualizar meus dados cadastrais, meu telefone é (31) 99888-7777.",4,7
T000741,C01203,2023-03-16,Email,Técnico,Já pedi cancelamento e continuam cobrando. Falar com Gabriela Souza no telefone 21 3344-5566.,3,6
T000742,C01206,2023-07-26,Email,Dúvida,"Muito bom o suporte de vocês, parabéns pela equipe.",5,9
T000743,C01206,2024-12-17,Chat,Dúvida,"Preciso atualizar meus dados cadastrais, meu telefone é (31) 99888-7777.",4,8
T000744,C01207,2024-09-01,Chat,Dúvida,"Estou satisfeito com o serviço, tudo funcionando bem.",5,8
T000745,C01207,2024-07-17,Chat,Cobrança,"Preciso atualizar meus dados cadastrais, meu telefone é (31) 99888-7777.",4,7
T000746,C01209,2024-11-27,Telefone,Dúvida,"Muito bom o suporte de vocês, parabéns pela equipe.",5,10
T000747,C01211,2023-11-28,Telefone,Dúvida,"Atendimento excelente, resolveram meu problema rapidamente. Obrigado, Karina Moraes!",5,10
T000748,C01212,2023-11-04,Telefone,Cobrança,Já pedi cancelamento e continuam cobrando. Falar com Elaine Teixeira no telefone 21 3344-5566.,1,6
T000749,C01212,2023-01-15,Email,Cobrança,"Preciso atualizar meus dados cadastrais, meu telefone é (31) 99888-7777.",2,7
T000750,C01212,2023-11-24,Chat,Dúvida,"Muito bom o suporte de vocês, parabéns pela equipe.",3,8
T000751,C01215,2023-05-20,Chat,Cobrança,Como faço para alterar meu plano? Podem me contatar no c01215@exemplo.com.br.,4,8
T000752,C01218,2023-09-05,Email,Cobrança,Gostaria de tirar uma dúvida sobre a minha fatura deste mês.,4,8
T000753,C01218,2025-01-25,Telefone,Cobrança,"Preciso atualizar meus dados cadastrais, meu telefone é (31) 99888-7777.",4,8
T000754,C01220,2023-04-10,Chat,Cobrança,"Preciso atualizar meus dados cadastrais, meu telefone é (31) 99888-7777.",4,7
T000755,C01221,2024-10-11,Telefone,Cancelamento,Estou muito insatisfeito. Liguei várias vezes para (11) 98765-4321 e ninguém resolve meu problema.,3,6
T000756,C01227,2024-03-05,Chat,Dúvida,Como faço para alterar meu plano? Podem me contatar no c01227@exemplo.com.br.,2,8
T000757,C01228,2024-05-10,Chat,Cancelamento,"Serviço caindo toda hora, um absurdo. Meu email é c01228@exemplo.com.br e ainda não recebi retorno.",2,5
T000758,C01229,2025-02-27,Telefone,Dúvida,"Atendimento excelente, resolveram meu problema rapidamente. Obrigado, Paulo Teixeira!",5,10
T000759,C01231,2024-07-28,Chat,Cobrança,"Preciso atualizar meus dados cadastrais, meu telefone é (31) 99888-7777.",3,8
T000760,C01231,2023-11-25,Chat,Dúvida,"Atendimento excelente, resolveram meu problema rapidamente. Obrigado, Paulo Gomes!",4,10
T000761,C01233,2024-04-12,Chat,Cancelamento,"Serviço caindo toda hora, um absurdo. Meu email é c01233@exemplo.com.br e ainda não recebi retorno.",3,1
T000762,C01238,2025-03-10,Chat,Cancelamento,"Serviço caindo toda hora, um absurdo. Meu email é c01238@exemplo.com.br e ainda não recebi retorno.",3,6
T000763,C01239,2023-10-25,Email,Dúvida,"Muito bom o suporte de vocês, parabéns pela equipe.",3,10
T000764,C01240,2023-12-04,Telefone,Dúvida,"Muito bom o suporte de vocês, parabéns pela equipe.",5,9
T000765,C01240,2024-09-13,Chat,Técnico,Péssimo atendimento. Se não resolverem vou cancelar e migrar para o concorrente.,3,6
T000766,C01241,2024-07-09,Chat,Dúvida,"Preciso atualizar meus dados cadastrais, meu telefone é (31) 99888-7777.",4,7
T000767,C01243,2023-02-08,Telefone,Dúvida,"Muito bom o suporte de vocês, parabéns pela equipe.",4,7
T000768,C01243,2024-09-04,Telefone,Técnico,Estou muito insatisfeito. Liguei várias vezes para (11) 98765-4321 e ninguém resolve meu problema.,2,5
T000769,C01245,2024-02-13,Email,Cancelamento,Péssimo atendimento. Se não resolverem vou cancelar e migrar para o concorrente.,3,6
T000770,C01245,2024-08-18,Email,Dúvida,"Atendimento excelente, resolveram meu problema rapidamente. Obrigado, Marina Rocha!",5,10
T000771,C01247,2023-12-03,Chat,Dúvida,"Atendimento excelente, resolveram meu problema rapidamente. Obrigado, Nuno Oliveira!",5,8
T000772,C01249,2024-08-27,Chat,Cobrança,"Preciso atualizar meus dados cadastrais, meu telefone é (31) 99888-7777.",3,8
T000773,C01249,2025-07-06,Chat,Dúvida,"Preciso atualizar meus dados cadastrais, meu telefone é (31) 99888-7777.",3,8
T000774,C01257,2024-03-15,Telefone,Cobrança,"Preciso atualizar meus dados cadastrais, meu telefone é (31) 99888-7777.",2,8
T000775,C01258,2024-07-23,Telefone,Cobrança,Já pedi cancelamento e continuam cobrando. Falar com Marina Silva no telefone 21 3344-5566.,3,6
T000776,C01260,2024-11-07,Email,Dúvida,"Atendimento excelente, resolveram meu problema rapidamente. Obrigado, Gabriela Gomes!",5,10
T000777,C01260,2023-04-16,Chat,Cobrança,Como faço para alterar meu plano? Podem me contatar no c01260@exemplo.com.br.,4,8
T000778,C01263,2024-03-02,Telefone,Técnico,Já pedi cancelamento e continuam cobrando. Falar com Elaine Carvalho no telefone 21 3344-5566.,3,6
T000779,C01264,2024-02-25,Chat,Cobrança,Estou muito insatisfeito. Liguei várias vezes para (11) 98765-4321 e ninguém resolve meu problema.,2,5
T000780,C01265,2023-12-05,Chat,Técnico,Já pedi cancelamento e continuam cobrando. Falar com Felipe Martins no telefone 21 3344-5566.,1,6
T000781,C01265,2023-10-18,Email,Cancelamento,Péssimo atendimento. Se não resolverem vou cancelar e migrar para o concorrente.,1,6
T000782,C01266,2023-05-04,Email,Dúvida,"Estou satisfeito com o serviço, tudo funcionando bem.",5,9
T000783,C01267,2023-07-16,Email,Cancelamento,Estou muito insatisfeito. Liguei várias vezes para (11) 98765-4321 e ninguém resolve meu problema.,2,4
T000784,C01267,2023-02-22,Chat,Cobrança,"Preciso atualizar meus dados cadastrais, meu telefone é (31) 99888-7777.",3,5
T000785,C01268,2024-05-23,Chat,Cobrança,Como faço para alterar meu plano? Podem me contatar no c01268@exemplo.com.br.,4,8
T000786,C01269,2023-08-24,Chat,Dúvida,Como faço para alterar meu plano? Podem me contatar no c01269@exemplo.com.br.,4,5
T000787,C01271,2024-02-02,Email,Dúvida,"Muito bom o suporte de vocês, parabéns pela equipe.",3,8
T000788,C01271,2023-08-06,Chat,Dúvida,"Muito bom o suporte de vocês, parabéns pela equipe.",3,8
T000789,C01273,2024-02-16,Chat,Cobrança,"Serviço caindo toda hora, um absurdo. Meu email é c01273@exemplo.com.br e ainda não recebi retorno.",2,5
T000790,C01273,2025-06-07,Telefone,Dúvida,"Muito bom o suporte de vocês, parabéns pela equipe.",4,7
T000791,C01274,2023-10-15,Chat,Cobrança,Péssimo atendimento. Se não resolverem vou cancelar e migrar para o concorrente.,3,6
T000792,C01275,2025-01-15,Chat,Dúvida,Gostaria de tirar uma dúvida sobre a minha fatura deste mês.,2,3
T000793,C01276,2025-05-20,Chat,Cancelamento,Já pedi cancelamento e continuam cobrando. Falar com Rafael Carvalho no telefone 21 3344-5566.,3,6
T000794,C01276,2024-05-03,Email,Dúvida,"Muito bom o suporte de vocês, parabéns pela equipe.",5,8
T000795,C01277,2024-08-10,Telefone,Técnico,Estou muito insatisfeito. Liguei várias vezes para (11) 98765-4321 e ninguém resolve meu problema.,3,3
T000796,C01277,2023-04-12,Telefone,Cobrança,Péssimo atendimento. Se não resolverem vou cancelar e migrar para o concorrente.,2,3
T000797,C01278,2024-06-08,Chat,Técnico,Já pedi cancelamento e continuam cobrando. Falar com Bruno Santos no telefone 21 3344-5566.,3,3
T000798,C01278,2023-12-05,Email,Cancelamento,Estou muito insatisfeito. Liguei várias vezes para (11) 98765-4321 e ninguém resolve meu problema.,2,3
T000799,C01279,2023-10-05,Email,Cancelamento,"Serviço caindo toda hora, um absurdo. Meu email é c01279@exemplo.com.br e ainda não recebi retorno.",2,3
T000800,C01279,2023-08-19,Chat,Dúvida,"Atendimento excelente, resolveram meu problema rapidamente. Obrigado, Henrique Silva!",4,6
T000801,C01282,2025-06-18,Telefone,Técnico,Péssimo atendimento. Se não resolverem vou cancelar e migrar para o concorrente.,2,4
T000802,C01283,2024-03-13,Chat,Cobrança,"Preciso atualizar meus dados cadastrais, meu telefone é (31) 99888-7777.",2,8
T000803,C01283,2024-06-06,Chat,Dúvida,"Muito bom o suporte de vocês, parabéns pela equipe.",3,9
T000804,C01286,2023-01-16,Telefone,Dúvida,"Muito bom o suporte de vocês, parabéns pela equipe.",5,6
T000805,C01287,2024-10-15,Email,Dúvida,Como faço para alterar meu plano? Podem me contatar no c01287@exemplo.com.br.,4,6
T000806,C01289,2024-03-04,Chat,Cobrança,Estou muito insatisfeito. Liguei várias vezes para (11) 98765-4321 e ninguém resolve meu problema.,3,5
T000807,C01290,2023-03-08,Telefone,Técnico,Já pedi cancelamento e continuam cobrando. Falar com João Oliveira no telefone 21 3344-5566.,3,3
T000808,C01290,2023-02-20,Chat,Dúvida,"Preciso atualizar meus dados cadastrais, meu telefone é (31) 99888-7777.",4,4
T000809,C01294,2024-08-01,Email,Dúvida,"Estou satisfeito com o serviço, tudo funcionando bem.",5,10
T000810,C01295,2023-04-25,Telefone,Dúvida,"Estou satisfeito com o serviço, tudo funcionando bem.",4,9
T000811,C01298,2025-04-11,Email,Dúvida,Gostaria de tirar uma dúvida sobre a minha fatura deste mês.,4,8
T000812,C01299,2025-02-08,Chat,Dúvida,Como faço para alterar meu plano? Podem me contatar no c01299@exemplo.com.br.,4,7
T000813,C01301,2023-06-01,Telefone,Dúvida,"Atendimento excelente, resolveram meu problema rapidamente. Obrigado, Henrique Lima!",5,7
T000814,C01301,2024-10-28,Chat,Cobrança,Como faço para alterar meu plano? Podem me contatar no c01301@exemplo.com.br.,4,6
T000815,C01306,2023-01-03,Chat,Dúvida,Gostaria de tirar uma dúvida sobre a minha fatura deste mês.,2,3
T000816,C01310,2023-07-14,Telefone,Dúvida,"Muito bom o suporte de vocês, parabéns pela equipe.",5,10
T000817,C01313,2023-03-21,Chat,Técnico,Já pedi cancelamento e continuam cobrando. Falar com Lucas Araújo no telefone 21 3344-5566.,2,3
T000818,C01313,2023-06-01,Email,Dúvida,"Muito bom o suporte de vocês, parabéns pela equipe.",3,6
T000819,C01314,2023-04-02,Chat,Dúvida,"Preciso atualizar meus dados cadastrais, meu telefone é (31) 99888-7777.",3,5
T000820,C01316,2023-06-03,Chat,Dúvida,"Atendimento excelente, resolveram meu problema rapidamente. Obrigado, Felipe Santos!",4,6
T000821,C01316,2024-01-17,Telefone,Técnico,"Serviço caindo toda hora, um absurdo. Meu email é c01316@exemplo.com.br e ainda não recebi retorno.",3,2
T000822,C01320,2025-03-07,Email,Dúvida,"Preciso atualizar meus dados cadastrais, meu telefone é (31) 99888-7777.",2,4
T000823,C01321,2023-12-09,Telefone,Dúvida,"Estou satisfeito com o serviço, tudo funcionando bem.",5,10
T000824,C01322,2023-04-17,Telefone,Cobrança,Gostaria de tirar uma dúvida sobre a minha fatura deste mês.,2,4
T000825,C01323,2025-03-08,Chat,Dúvida,"Muito bom o suporte de vocês, parabéns pela equipe.",5,9
T000826,C01323,2023-07-04,Telefone,Cancelamento,"Serviço caindo toda hora, um absurdo. Meu email é c01323@exemplo.com.br e ainda não recebi retorno.",3,6
T000827,C01327,2023-05-22,Telefone,Cobrança,"Serviço caindo toda hora, um absurdo. Meu email é c01327@exemplo.com.br e ainda não recebi retorno.",2,1
T000828,C01327,2023-03-14,Email,Dúvida,Gostaria de tirar uma dúvida sobre a minha fatura deste mês.,2,3
T000829,C01331,2025-08-24,Chat,Técnico,Já pedi cancelamento e continuam cobrando. Falar com Isabela Barbosa no telefone 21 3344-5566.,1,3
T000830,C01331,2024-06-05,Email,Cobrança,Como faço para alterar meu plano? Podem me contatar no c01331@exemplo.com.br.,2,4
T000831,C01332,2025-01-24,Chat,Dúvida,Gostaria de tirar uma dúvida sobre a minha fatura deste mês.,4,8
T000832,C01333,2023-07-06,Chat,Dúvida,Gostaria de tirar uma dúvida sobre a minha fatura deste mês.,4,8
T000833,C01334,2023-11-12,Telefone,Técnico,Péssimo atendimento. Se não resolverem vou cancelar e migrar para o concorrente.,1,5
T000834,C01334,2023-01-07,Chat,Cobrança,Como faço para alterar meu plano? Podem me contatar no c01334@exemplo.com.br.,2,6
T000835,C01339,2025-04-25,Telefone,Técnico,"Serviço caindo toda hora, um absurdo. Meu email é c01339@exemplo.com.br e ainda não recebi retorno.",3,6
T000836,C01339,2023-09-24,Chat,Dúvida,"Muito bom o suporte de vocês, parabéns pela equipe.",5,8
T000837,C01340,2023-12-27,Telefone,Dúvida,Como faço para alterar meu plano? Podem me contatar no c01340@exemplo.com.br.,3,7
T000838,C01343,2023-01-17,Email,Dúvida,Gostaria de tirar uma dúvida sobre a minha fatura deste mês.,3,7
T000839,C01352,2024-04-14,Telefone,Dúvida,"Muito bom o suporte de vocês, parabéns pela equipe.",5,10
T000840,C01353,2024-07-17,Chat,Dúvida,"Preciso atualizar meus dados cadastrais, meu telefone é (31) 99888-7777.",4,8
T000841,C01357,2023-09-07,Telefone,Dúvida,"Muito bom o suporte de vocês, parabéns pela equipe.",3,10
T000842,C01357,2024-02-18,Telefone,Cobrança,"Preciso atualizar meus dados cadastrais, meu telefone é (31) 99888-7777.",2,8
T000843,C01359,2024-06-05,Chat,Dúvida,"Atendimento excelente, resolveram meu problema rapidamente. Obrigado, Olívia Araújo!",5,9
T000844,C01359,2024-09-06,Email,Cobrança,Como faço para alterar meu plano? Podem me contatar no c01359@exemplo.com.br.,4,8
T000845,C01360,2024-11-03,Telefone,Dúvida,"Estou satisfeito com o serviço, tudo funcionando bem.",5,8
T000846,C01361,2025-07-18,Chat,Dúvida,Gostaria de tirar uma dúvida sobre a minha fatura deste mês.,4,6
T000847,C01362,2023-02-01,Chat,Cobrança,"Serviço caindo toda hora, um absurdo. Meu email é c01362@exemplo.com.br e ainda não recebi retorno.",1,3
T000848,C01362,2023-02-24,Chat,Cobrança,Péssimo atendimento. Se não resolverem vou cancelar e migrar para o concorrente.,1,3
T000849,C01363,2023-08-08,Email,Técnico,Estou muito insatisfeito. Liguei várias vezes para (11) 98765-4321 e ninguém resolve meu problema.,3,4
T000850,C01363,2024-03-04,Email,Cobrança,Gostaria de tirar uma dúvida sobre a minha fatura deste mês.,4,5
T000851,C01366,2023-04-28,Email,Dúvida,"Muito bom o suporte de vocês, parabéns pela equipe.",5,9
T000852,C01377,2023-07-08,Telefone,Dúvida,"Preciso atualizar meus dados cadastrais, meu telefone é (31) 99888-7777.",4,8
T000853,C01378,2024-08-23,Telefone,Cancelamento,"Serviço caindo toda hora, um absurdo. Meu email é c01378@exemplo.com.br e ainda não recebi retorno.",1,4
T000854,C01379,2025-01-03,Telefone,Dúvida,"Muito bom o suporte de vocês, parabéns pela equipe.",5,8
T000855,C01384,2023-12-09,Telefone,Cobrança,"Preciso atualizar meus dados cadastrais, meu telefone é (31) 99888-7777.",4,8
T000856,C01385,2023-05-04,Email,Técnico,"Serviço caindo toda hora, um absurdo. Meu email é c01385@exemplo.com.br e ainda não recebi retorno.",1,5
T000857,C01386,2023-07-03,Telefone,Dúvida,Como faço para alterar meu plano? Podem me contatar no c01386@exemplo.com.br.,4,6
T000858,C01390,2024-03-21,Chat,Dúvida,Gostaria de tirar uma dúvida sobre a minha fatura deste mês.,4,4
T000859,C01390,2023-12-03,Telefone,Cancelamento,"Serviço caindo toda hora, um absurdo. Meu email é c01390@exemplo.com.br e ainda não recebi retorno.",3,3
T000860,C01391,2024-09-28,Chat,Dúvida,Como faço para alterar meu plano? Podem me contatar no c01391@exemplo.com.br.,4,5
T000861,C01393,2023-11-01,Telefone,Cobrança,"Serviço caindo toda hora, um absurdo. Meu email é c01393@exemplo.com.br e ainda não recebi retorno.",2,6
T000862,C01395,2025-03-11,Telefone,Dúvida,"Atendimento excelente, resolveram meu problema rapidamente. Obrigado, Diego Gomes!",5,10
T000863,C01395,2024-09-25,Email,Cobrança,Já pedi cancelamento e continuam cobrando. Falar com Diego Gomes no telefone 21 3344-5566.,3,6
T000864,C01397,2024-01-19,Email,Dúvida,"Muito bom o suporte de vocês, parabéns pela equipe.",3,6
T000865,C01398,2023-12-06,Chat,Cancelamento,Péssimo atendimento. Se não resolverem vou cancelar e migrar para o concorrente.,3,3
T000866,C01399,2024-12-11,Email,Dúvida,Como faço para alterar meu plano? Podem me contatar no c01399@exemplo.com.br.,4,8
T000867,C01400,2023-12-28,Chat,Dúvida,"Muito bom o suporte de vocês, parabéns pela equipe.",5,10
T000868,C01401,2025-02-19,Chat,Cobrança,Como faço para alterar meu plano? Podem me contatar no c01401@exemplo.com.br.,3,7
T000869,C01402,2024-09-01,Email,Dúvida,Como faço para alterar meu plano? Podem me contatar no c01402@exemplo.com.br.,4,7
T000870,C01404,2023-02-28,Chat,Dúvida,"Atendimento excelente, resolveram meu problema rapidamente. Obrigado, Gabriela Araújo!",5,7
T000871,C01404,2023-07-10,Chat,Cancelamento,"Serviço caindo toda hora, um absurdo. Meu email é c01404@exemplo.com.br e ainda não recebi retorno.",3,5
T000872,C01405,2023-01-07,Email,Dúvida,"Muito bom o suporte de vocês, parabéns pela equipe.",4,10
T000873,C01407,2023-01-21,Chat,Cobrança,Como faço para alterar meu plano? Podem me contatar no c01407@exemplo.com.br.,2,8
T000874,C01408,2024-03-17,Email,Cobrança,"Serviço caindo toda hora, um absurdo. Meu email é c01408@exemplo.com.br e ainda não recebi retorno.",1,4
T000875,C01408,2025-02-16,Telefone,Dúvida,"Muito bom o suporte de vocês, parabéns pela equipe.",3,6
T000876,C01409,2023-11-03,Telefone,Cobrança,"Serviço caindo toda hora, um absurdo. Meu email é c01409@exemplo.com.br e ainda não recebi retorno.",3,6
T000877,C01410,2025-04-03,Telefone,Cancelamento,Já pedi cancelamento e continuam cobrando. Falar com Felipe Martins no telefone 21 3344-5566.,2,4
T000878,C01410,2024-08-11,Email,Dúvida,"Muito bom o suporte de vocês, parabéns pela equipe.",4,6
T000879,C01411,2023-04-25,Email,Dúvida,"Preciso atualizar meus dados cadastrais, meu telefone é (31) 99888-7777.",3,7
T000880,C01411,2024-07-23,Chat,Dúvida,"Atendimento excelente, resolveram meu problema rapidamente. Obrigado, Marina Silva!",4,8
T000881,C01412,2023-12-15,Telefone,Dúvida,"Muito bom o suporte de vocês, parabéns pela equipe.",4,10
T000882,C01413,2023-01-04,Email,Dúvida,"Estou satisfeito com o serviço, tudo funcionando bem.",5,8
T000883,C01416,2024-06-15,Telefone,Dúvida,"Estou satisfeito com o serviço, tudo funcionando bem.",4,10
T000884,C01416,2023-04-18,Telefone,Cobrança,Gostaria de tirar uma dúvida sobre a minha fatura deste mês.,3,8
T000885,C01417,2023-12-19,Chat,Cancelamento,"Serviço caindo toda hora, um absurdo. Meu email é c01417@exemplo.com.br e ainda não recebi retorno.",3,6
T000886,C01419,2025-02-10,Chat,Cobrança,"Preciso atualizar meus dados cadastrais, meu telefone é (31) 99888-7777.",4,8
T000887,C01422,2025-06-12,Telefone,Dúvida,"Preciso atualizar meus dados cadastrais, meu telefone é (31) 99888-7777.",2,3
T000888,C01427,2025-02-03,Chat,Técnico,"Serviço caindo toda hora, um absurdo. Meu email é c01427@exemplo.com.br e ainda não recebi retorno.",2,4
T000889,C01428,2024-01-24,Telefone,Cobrança,Gostaria de tirar uma dúvida sobre a minha fatura deste mês.,4,4
T000890,C01434,2024-01-10,Chat,Cancelamento,Já pedi cancelamento e continuam cobrando. Falar com Lucas Santos no telefone 21 3344-5566.,1,5
T000891,C01435,2023-09-28,Email,Cobrança,Péssimo atendimento. Se não resolverem vou cancelar e migrar para o concorrente.,1,4
T000892,C01438,2024-02-16,Chat,Dúvida,"Muito bom o suporte de vocês, parabéns pela equipe.",4,9
T000893,C01438,2023-04-13,Email,Dúvida,"Atendimento excelente, resolveram meu problema rapidamente. Obrigado, Karina Moraes!",4,9
T000894,C01443,2025-03-09,Email,Dúvida,"Estou satisfeito com o serviço, tudo funcionando bem.",5,9
T000895,C01443,2024-02-27,Chat,Dúvida,"Atendimento excelente, resolveram meu problema rapidamente. Obrigado, Paulo Martins!",5,9
T000896,C01443,2025-03-14,Chat,Dúvida,"Preciso atualizar meus dados cadastrais, meu telefone é (31) 99888-7777.",4,8
T000897,C01446,2023-05-02,Telefone,Cobrança,"Preciso atualizar meus dados cadastrais, meu telefone é (31) 99888-7777.",2,6
T000898,C01448,2023-10-15,Chat,Dúvida,"Muito bom o suporte de vocês, parabéns pela equipe.",5,9
T000899,C01451,2024-10-11,Chat,Dúvida,"Estou satisfeito com o serviço, tudo funcionando bem.",4,7
T000900,C01451,2025-06-27,Telefone,Dúvida,Como faço para alterar meu plano? Podem me contatar no c01451@exemplo.com.br.,3,6
T000901,C01451,2023-01-12,Email,Técnico,Péssimo atendimento. Se não resolverem vou cancelar e migrar para o concorrente.,2,5
T000902,C01453,2025-04-08,Email,Dúvida,"Atendimento excelente, resolveram meu problema rapidamente. Obrigado, Elaine Teixeira!",3,7
T000903,C01453,2025-03-27,Chat,Dúvida,Como faço para alterar meu plano? Podem me contatar no c01453@exemplo.com.br.,2,6
T000904,C01457,2023-11-06,Chat,Dúvida,"Estou satisfeito com o serviço, tudo funcionando bem.",4,10
T000905,C01459,2024-06-22,Email,Cobrança,Gostaria de tirar uma dúvida sobre a minha fatura deste mês.,4,8
T000906,C01460,2023-05-07,Email,Dúvida,Como faço para alterar meu plano? Podem me contatar no c01460@exemplo.com.br.,4,6
T000907,C01465,2024-08-11,Email,Dúvida,"Preciso atualizar meus dados cadastrais, meu telefone é (31) 99888-7777.",4,8
T000908,C01467,2023-04-19,Email,Técnico,Estou muito insatisfeito. Liguei várias vezes para (11) 98765-4321 e ninguém resolve meu problema.,3,6
T000909,C01468,2024-10-21,Chat,Dúvida,"Muito bom o suporte de vocês, parabéns pela equipe.",5,6
T000910,C01470,2023-09-20,Chat,Cobrança,"Preciso atualizar meus dados cadastrais, meu telefone é (31) 99888-7777.",4,8
T000911,C01474,2024-03-13,Chat,Cancelamento,"Serviço caindo toda hora, um absurdo. Meu email é c01474@exemplo.com.br e ainda não recebi retorno.",3,4
T000912,C01475,2024-03-12,Email,Cancelamento,Estou muito insatisfeito. Liguei várias vezes para (11) 98765-4321 e ninguém resolve meu problema.,1,6
T000913,C01475,2023-03-03,Chat,Cancelamento,Já pedi cancelamento e continuam cobrando. Falar com Gabriela Moraes no telefone 21 3344-5566.,2,6
T000914,C01476,2024-10-22,Email,Cobrança,Péssimo atendimento. Se não resolverem vou cancelar e migrar para o concorrente.,3,6
T000915,C01477,2023-04-23,Email,Cobrança,"Preciso atualizar meus dados cadastrais, meu telefone é (31) 99888-7777.",4,8
T000916,C01478,2023-02-19,Telefone,Técnico,Já pedi cancelamento e continuam cobrando. Falar com Carla Carvalho no telefone 21 3344-5566.,3,6
T000917,C01478,2024-02-09,Email,Dúvida,"Muito bom o suporte de vocês, parabéns pela equipe.",5,8
T000918,C01480,2023-10-10,Chat,Cobrança,"Preciso atualizar meus dados cadastrais, meu telefone é (31) 99888-7777.",3,6
T000919,C01483,2024-01-08,Email,Técnico,Estou muito insatisfeito. Liguei várias vezes para (11) 98765-4321 e ninguém resolve meu problema.,1,0
T000920,C01483,2023-08-13,Email,Cancelamento,Péssimo atendimento. Se não resolverem vou cancelar e migrar para o concorrente.,2,0
T000921,C01484,2024-05-24,Chat,Cobrança,"Preciso atualizar meus dados cadastrais, meu telefone é (31) 99888-7777.",2,3
T000922,C01484,2024-06-02,Telefone,Dúvida,"Atendimento excelente, resolveram meu problema rapidamente. Obrigado, Rafael Araújo!",3,6
T000923,C01484,2023-04-13,Chat,Dúvida,"Preciso atualizar meus dados cadastrais, meu telefone é (31) 99888-7777.",2,3
T000924,C01485,2024-05-14,Telefone,Dúvida,"Atendimento excelente, resolveram meu problema rapidamente. Obrigado, Rafael Santos!",5,10
T000925,C01487,2025-02-19,Chat,Dúvida,"Atendimento excelente, resolveram meu problema rapidamente. Obrigado, Karina Oliveira!",5,10
T000926,C01490,2023-06-22,Email,Dúvida,"Estou satisfeito com o serviço, tudo funcionando bem.",5,10
T000927,C01491,2023-12-23,Email,Dúvida,"Preciso atualizar meus dados cadastrais, meu telefone é (31) 99888-7777.",4,6
T000928,C01494,2024-06-10,Email,Cancelamento,"Serviço caindo toda hora, um absurdo. Meu email é c01494@exemplo.com.br e ainda não recebi retorno.",2,3
T000929,C01495,2023-07-19,Telefone,Dúvida,"Estou satisfeito com o serviço, tudo funcionando bem.",4,6
T000930,C01497,2023-04-18,Chat,Cobrança,"Preciso atualizar meus dados cadastrais, meu telefone é (31) 99888-7777.",3,6
T000931,C01499,2025-04-07,Email,Dúvida,"Muito bom o suporte de vocês, parabéns pela equipe.",5,10
T000932,C01499,2024-09-17,Telefone,Dúvida,Gostaria de tirar uma dúvida sobre a minha fatura deste mês.,4,8
T000933,C01501,2023-09-23,Email,Cobrança,"Serviço caindo toda hora, um absurdo. Meu email é c01501@exemplo.com.br e ainda não recebi retorno.",3,5
T000934,C01501,2024-11-11,Chat,Técnico,Estou muito insatisfeito. Liguei várias vezes para (11) 98765-4321 e ninguém resolve meu problema.,3,5
T000935,C01502,2024-02-11,Email,Cobrança,Como faço para alterar meu plano? Podem me contatar no c01502@exemplo.com.br.,2,5
T000936,C01502,2024-07-08,Email,Dúvida,"Preciso atualizar meus dados cadastrais, meu telefone é (31) 99888-7777.",2,5
T000937,C01507,2025-05-09,Telefone,Cobrança,Já pedi cancelamento e continuam cobrando. Falar com Rafael Gomes no telefone 21 3344-5566.,1,4
T000938,C01511,2024-11-12,Email,Dúvida,Como faço para alterar meu plano? Podem me contatar no c01511@exemplo.com.br.,4,8
T000939,C01512,2023-07-12,Email,Cobrança,Gostaria de tirar uma dúvida sobre a minha fatura deste mês.,4,8
T000940,C01514,2023-10-25,Chat,Dúvida,"Preciso atualizar meus dados cadastrais, meu telefone é (31) 99888-7777.",4,8
T000941,C01514,2025-01-23,Email,Cobrança,"Preciso atualizar meus dados cadastrais, meu telefone é (31) 99888-7777.",4,8
T000942,C01519,2024-01-03,Email,Cobrança,"Preciso atualizar meus dados cadastrais, meu telefone é (31) 99888-7777.",4,8
T000943,C01520,2025-03-09,Chat,Cobrança,Como faço para alterar meu plano? Podem me contatar no c01520@exemplo.com.br.,4,8
T000944,C01521,2023-02-01,Telefone,Cobrança,"Preciso atualizar meus dados cadastrais, meu telefone é (31) 99888-7777.",4,6
T000945,C01522,2023-03-10,Email,Cancelamento,Estou muito insatisfeito. Liguei várias vezes para (11) 98765-4321 e ninguém resolve meu problema.,1,0
T000946,C01523,2025-05-07,Email,Técnico,"Serviço caindo toda hora, um absurdo. Meu email é c01523@exemplo.com.br e ainda não recebi retorno.",1,2
T000947,C01526,2025-01-05,Chat,Dúvida,"Estou satisfeito com o serviço, tudo funcionando bem.",5,10
T000948,C01527,2023-02-15,Email,Dúvida,"Estou satisfeito com o serviço, tudo funcionando bem.",4,6
T000949,C01527,2025-01-26,Telefone,Cancelamento,Péssimo atendimento. Se não resolverem vou cancelar e migrar para o concorrente.,2,2
T000950,C01528,2023-01-13,Chat,Dúvida,"Muito bom o suporte de vocês, parabéns pela equipe.",5,9
T000951,C01529,2023-01-25,Telefone,Dúvida,"Preciso atualizar meus dados cadastrais, meu telefone é (31) 99888-7777.",3,8
T000952,C01530,2023-10-25,Email,Dúvida,"Estou satisfeito com o serviço, tudo funcionando bem.",5,10
T000953,C01534,2023-08-10,Email,Técnico,Estou muito insatisfeito. Liguei várias vezes para (11) 98765-4321 e ninguém resolve meu problema.,2,6
T000954,C01535,2024-01-11,Email,Dúvida,"Muito bom o suporte de vocês, parabéns pela equipe.",5,10
T000955,C01536,2023-09-16,Email,Cobrança,"Preciso atualizar meus dados cadastrais, meu telefone é (31) 99888-7777.",3,5
T000956,C01537,2023-07-06,Chat,Cobrança,Gostaria de tirar uma dúvida sobre a minha fatura deste mês.,4,8
T000957,C01538,2024-08-07,Telefone,Cobrança,"Preciso atualizar meus dados cadastrais, meu telefone é (31) 99888-7777.",3,7
T000958,C01540,2024-02-03,Email,Dúvida,"Atendimento excelente, resolveram meu problema rapidamente. Obrigado, Rafael Carvalho!",5,9
T000959,C01540,2025-01-09,Telefone,Dúvida,Como faço para alterar meu plano? Podem me contatar no c01540@exemplo.com.br.,4,8
T000960,C01544,2023-10-26,Chat,Técnico,Péssimo atendimento. Se não resolverem vou cancelar e migrar para o concorrente.,3,6
T000961,C01545,2023-06-21,Chat,Dúvida,"Muito bom o suporte de vocês, parabéns pela equipe.",3,6
T000962,C01545,2024-05-06,Chat,Cancelamento,Estou muito insatisfeito. Liguei várias vezes para (11) 98765-4321 e ninguém resolve meu problema.,1,3
T000963,C01546,2025-03-05,Email,Dúvida,Como faço para alterar meu plano? Podem me contatar no c01546@exemplo.com.br.,4,8
T000964,C01547,2023-03-03,Chat,Cobrança,Péssimo atendimento. Se não resolverem vou cancelar e migrar para o concorrente.,1,5
T000965,C01550,2023-08-03,Telefone,Dúvida,"Estou satisfeito com o serviço, tudo funcionando bem.",5,10
T000966,C01551,2025-04-04,Email,Dúvida,"Estou satisfeito com o serviço, tudo funcionando bem.",4,6
T000967,C01551,2023-04-06,Telefone,Técnico,Já pedi cancelamento e continuam cobrando. Falar com Rafael Gomes no telefone 21 3344-5566.,2,3
T000968,C01554,2023-10-18,Chat,Cancelamento,Estou muito insatisfeito. Liguei várias vezes para (11) 98765-4321 e ninguém resolve meu problema.,3,2
T000969,C01555,2023-03-23,Email,Dúvida,Como faço para alterar meu plano? Podem me contatar no c01555@exemplo.com.br.,4,6
T000970,C01559,2024-05-07,Email,Cancelamento,Já pedi cancelamento e continuam cobrando. Falar com Carla Melo no telefone 21 3344-5566.,3,6
T000971,C01559,2024-12-13,Email,Cobrança,Péssimo atendimento. Se não resolverem vou cancelar e migrar para o concorrente.,3,6
T000972,C01559,2024-02-13,Telefone,Dúvida,"Muito bom o suporte de vocês, parabéns pela equipe.",5,8
T000973,C01560,2025-03-18,Email,Dúvida,"Estou satisfeito com o serviço, tudo funcionando bem.",4,8
T000974,C01561,2023-12-23,Email,Cobrança,"Preciso atualizar meus dados cadastrais, meu telefone é (31) 99888-7777.",3,8
T000975,C01566,2023-05-07,Telefone,Cobrança,Gostaria de tirar uma dúvida sobre a minha fatura deste mês.,4,8
T000976,C01566,2024-08-07,Chat,Dúvida,"Estou satisfeito com o serviço, tudo funcionando bem.",5,10
T000977,C01568,2023-11-23,Telefone,Cancelamento,"Serviço caindo toda hora, um absurdo. Meu email é c01568@exemplo.com.br e ainda não recebi retorno.",3,6
T000978,C01568,2024-12-28,Chat,Dúvida,"Muito bom o suporte de vocês, parabéns pela equipe.",5,8
T000979,C01569,2023-11-16,Telefone,Dúvida,"Estou satisfeito com o serviço, tudo funcionando bem.",5,10
T000980,C01572,2023-01-16,Email,Cobrança,"Preciso atualizar meus dados cadastrais, meu telefone é (31) 99888-7777.",4,8
T000981,C01574,2025-04-06,Telefone,Dúvida,"Atendimento excelente, resolveram meu problema rapidamente. Obrigado, Nuno Martins!",5,7
T000982,C01574,2023-04-06,Telefone,Cobrança,Já pedi cancelamento e continuam cobrando. Falar com Nuno Martins no telefone 21 3344-5566.,3,5
T000983,C01575,2024-08-15,Email,Cobrança,Já pedi cancelamento e continuam cobrando. Falar com Marina Ribeiro no telefone 21 3344-5566.,1,3
T000984,C01575,2023-02-09,Chat,Cancelamento,"Serviço caindo toda hora, um absurdo. Meu email é c01575@exemplo.com.br e ainda não recebi retorno.",1,3
T000985,C01577,2023-08-09,Email,Cobrança,"Preciso atualizar meus dados cadastrais, meu telefone é (31) 99888-7777.",4,8
T000986,C01580,2023-04-22,Chat,Cancelamento,Já pedi cancelamento e continuam cobrando. Falar com Diego Ribeiro no telefone 21 3344-5566.,2,5
T000987,C01580,2024-05-18,Email,Cancelamento,Já pedi cancelamento e continuam cobrando. Falar com Diego Ribeiro no telefone 21 3344-5566.,2,5
T000988,C01582,2024-05-26,Telefone,Dúvida,"Muito bom o suporte de vocês, parabéns pela equipe.",5,7
T000989,C01582,2023-01-02,Email,Dúvida,Como faço para alterar meu plano? Podem me contatar no c01582@exemplo.com.br.,4,6
T000990,C01582,2024-03-13,Email,Técnico,"Serviço caindo toda hora, um absurdo. Meu email é c01582@exemplo.com.br e ainda não recebi retorno.",3,5
T000991,C01583,2024-06-07,Email,Cobrança,Estou muito insatisfeito. Liguei várias vezes para (11) 98765-4321 e ninguém resolve meu problema.,2,3
T000992,C01584,2023-09-02,Telefone,Cancelamento,Péssimo atendimento. Se não resolverem vou cancelar e migrar para o concorrente.,2,4
T000993,C01584,2023-02-04,Chat,Dúvida,"Muito bom o suporte de vocês, parabéns pela equipe.",3,6
T000994,C01588,2023-04-17,Email,Cobrança,"Preciso atualizar meus dados cadastrais, meu telefone é (31) 99888-7777.",3,8
T000995,C01589,2024-06-11,Chat,Dúvida,Como faço para alterar meu plano? Podem me contatar no c01589@exemplo.com.br.,2,8
T000996,C01592,2023-06-03,Chat,Dúvida,"Estou satisfeito com o serviço, tudo funcionando bem.",5,9
T000997,C01593,2025-06-23,Chat,Dúvida,"Muito bom o suporte de vocês, parabéns pela equipe.",5,8
T000998,C01597,2023-07-23,Chat,Cobrança,Como faço para alterar meu plano? Podem me contatar no c01597@exemplo.com.br.,4,8
T000999,C01599,2023-01-10,Telefone,Dúvida,Como faço para alterar meu plano? Podem me contatar no c01599@exemplo.com.br.,2,8
T001000,C01599,2024-05-09,Email,Dúvida,"Estou satisfeito com o serviço, tudo funcionando bem.",3,10
T001001,C01605,2024-12-19,Chat,Dúvida,"Atendimento excelente, resolveram meu problema rapidamente. Obrigado, Sofia Pereira!",3,6
T001002,C01606,2024-05-02,Email,Dúvida,Como faço para alterar meu plano? Podem me contatar no c01606@exemplo.com.br.,4,7
T001003,C01607,2024-08-03,Telefone,Dúvida,"Preciso atualizar meus dados cadastrais, meu telefone é (31) 99888-7777.",3,7
T001004,C01607,2023-10-06,Chat,Dúvida,Como faço para alterar meu plano? Podem me contatar no c01607@exemplo.com.br.,3,7
T001005,C01609,2023-07-16,Email,Dúvida,Como faço para alterar meu plano? Podem me contatar no c01609@exemplo.com.br.,4,7
T001006,C01609,2024-04-19,Chat,Dúvida,"Atendimento excelente, resolveram meu problema rapidamente. Obrigado, Olívia Araújo!",5,8
T001007,C01611,2023-06-07,Telefone,Dúvida,Como faço para alterar meu plano? Podem me contatar no c01611@exemplo.com.br.,4,8
T001008,C01612,2024-10-24,Email,Cobrança,Como faço para alterar meu plano? Podem me contatar no c01612@exemplo.com.br.,3,4
T001009,C01612,2024-05-03,Telefone,Dúvida,Gostaria de tirar uma dúvida sobre a minha fatura deste mês.,3,4
T001010,C01613,2024-06-14,Email,Dúvida,"Preciso atualizar meus dados cadastrais, meu telefone é (31) 99888-7777.",4,8
T001011,C01617,2024-02-04,Email,Dúvida,"Muito bom o suporte de vocês, parabéns pela equipe.",5,10
T001012,C01620,2023-03-14,Email,Dúvida,"Muito bom o suporte de vocês, parabéns pela equipe.",3,9
T001013,C01620,2023-03-15,Chat,Cancelamento,Péssimo atendimento. Se não resolverem vou cancelar e migrar para o concorrente.,1,6
T001014,C01621,2023-03-25,Chat,Cancelamento,Estou muito insatisfeito. Liguei várias vezes para (11) 98765-4321 e ninguém resolve meu problema.,2,4
T001015,C01622,2023-11-16,Email,Cobrança,"Serviço caindo toda hora, um absurdo. Meu email é c01622@exemplo.com.br e ainda não recebi retorno.",3,6
T001016,C01623,2023-02-12,Chat,Cobrança,Como faço para alterar meu plano? Podem me contatar no c01623@exemplo.com.br.,2,7
T001017,C01624,2023-03-04,Telefone,Dúvida,Gostaria de tirar uma dúvida sobre a minha fatura deste mês.,2,3
T001018,C01625,2025-01-26,Chat,Dúvida,"Preciso atualizar meus dados cadastrais, meu telefone é (31) 99888-7777.",4,8
T001019,C01627,2023-10-13,Email,Dúvida,Gostaria de tirar uma dúvida sobre a minha fatura deste mês.,3,4
T001020,C01627,2024-02-10,Chat,Cobrança,Estou muito insatisfeito. Liguei várias vezes para (11) 98765-4321 e ninguém resolve meu problema.,2,3
T001021,C01632,2024-03-15,Telefone,Cobrança,Como faço para alterar meu plano? Podem me contatar no c01632@exemplo.com.br.,4,8
T001022,C01635,2024-06-23,Chat,Dúvida,"Muito bom o suporte de vocês, parabéns pela equipe.",4,10
T001023,C01637,2023-01-06,Telefone,Cobrança,Já pedi cancelamento e continuam cobrando. Falar com Karina Martins no telefone 21 3344-5566.,3,0
T001024,C01637,2023-08-13,Chat,Cobrança,Como faço para alterar meu plano? Podem me contatar no c01637@exemplo.com.br.,4,3
T001025,C01638,2023-08-25,Email,Técnico,Estou muito insatisfeito. Liguei várias vezes para (11) 98765-4321 e ninguém resolve meu problema.,1,3
T001026,C01638,2024-09-05,Telefone,Dúvida,"Atendimento excelente, resolveram meu problema rapidamente. Obrigado, Sofia Lima!",3,6
T001027,C01640,2023-12-28,Chat,Técnico,Péssimo atendimento. Se não resolverem vou cancelar e migrar para o concorrente.,2,6
T001028,C01640,2023-02-26,Chat,Dúvida,"Atendimento excelente, resolveram meu problema rapidamente. Obrigado, Paulo Rocha!",4,10
T001029,C01642,2024-09-27,Telefone,Cancelamento,Péssimo atendimento. Se não resolverem vou cancelar e migrar para o concorrente.,2,3
T001030,C01642,2024-03-09,Telefone,Cancelamento,Péssimo atendimento. Se não resolverem vou cancelar e migrar para o concorrente.,2,3
T001031,C01643,2024-11-18,Telefone,Dúvida,"Preciso atualizar meus dados cadastrais, meu telefone é (31) 99888-7777.",4,8
T001032,C01644,2023-12-11,Email,Dúvida,"Atendimento excelente, resolveram meu problema rapidamente. Obrigado, Carla Silva!",5,9
T001033,C01649,2023-08-28,Chat,Cobrança,"Serviço caindo toda hora, um absurdo. Meu email é c01649@exemplo.com.br e ainda não recebi retorno.",3,6
T001034,C01653,2024-05-18,Email,Cobrança,Gostaria de tirar uma dúvida sobre a minha fatura deste mês.,3,5
T001035,C01657,2023-01-16,Email,Cobrança,Como faço para alterar meu plano? Podem me contatar no c01657@exemplo.com.br.,3,4
T001036,C01657,2023-03-12,Chat,Técnico,"Serviço caindo toda hora, um absurdo. Meu email é c01657@exemplo.com.br e ainda não recebi retorno.",2,3
T001037,C01658,2023-01-10,Chat,Cobrança,Gostaria de tirar uma dúvida sobre a minha fatura deste mês.,3,7
T001038,C01659,2023-04-03,Chat,Dúvida,Como faço para alterar meu plano? Podem me contatar no c01659@exemplo.com.br.,3,5
T001039,C01661,2024-10-26,Email,Cancelamento,"Serviço caindo toda hora, um absurdo. Meu email é c01661@exemplo.com.br e ainda não recebi retorno.",3,6
T001040,C01666,2024-09-19,Email,Dúvida,Gostaria de tirar uma dúvida sobre a minha fatura deste mês.,4,6
T001041,C01670,2024-09-03,Telefone,Cancelamento,"Serviço caindo toda hora, um absurdo. Meu email é c01670@exemplo.com.br e ainda não recebi retorno.",3,6
T001042,C01671,2024-09-26,Telefone,Cobrança,Péssimo atendimento. Se não resolverem vou cancelar e migrar para o concorrente.,2,6
T001043,C01671,2025-08-01,Telefone,Cobrança,"Serviço caindo toda hora, um absurdo. Meu email é c01671@exemplo.com.br e ainda não recebi retorno.",2,6
T001044,C01677,2023-04-11,Chat,Dúvida,"Atendimento excelente, resolveram meu problema rapidamente. Obrigado, Isabela Silva!",5,8
T001045,C01678,2025-07-13,Telefone,Cobrança,"Serviço caindo toda hora, um absurdo. Meu email é c01678@exemplo.com.br e ainda não recebi retorno.",3,6
T001046,C01678,2023-12-23,Email,Cancelamento,Estou muito insatisfeito. Liguei várias vezes para (11) 98765-4321 e ninguém resolve meu problema.,3,6
T001047,C01682,2024-05-25,Telefone,Cobrança,Como faço para alterar meu plano? Podem me contatar no c01682@exemplo.com.br.,4,7
T001048,C01683,2024-07-01,Telefone,Cobrança,Como faço para alterar meu plano? Podem me contatar no c01683@exemplo.com.br.,3,3
T001049,C01685,2024-05-01,Telefone,Cancelamento,"Serviço caindo toda hora, um absurdo. Meu email é c01685@exemplo.com.br e ainda não recebi retorno.",1,2
T001050,C01685,2023-08-09,Email,Cobrança,Já pedi cancelamento e continuam cobrando. Falar com Lucas Barbosa no telefone 21 3344-5566.,1,2
T001051,C01686,2024-02-10,Chat,Cobrança,Gostaria de tirar uma dúvida sobre a minha fatura deste mês.,3,8
T001052,C01686,2024-02-02,Telefone,Dúvida,"Atendimento excelente, resolveram meu problema rapidamente. Obrigado, Karina Cardoso!",4,10
T001053,C01687,2025-02-12,Telefone,Dúvida,"Muito bom o suporte de vocês, parabéns pela equipe.",5,10
T001054,C01689,2023-01-20,Chat,Cobrança,Como faço para alterar meu plano? Podem me contatar no c01689@exemplo.com.br.,3,7
T001055,C01691,2024-05-14,Chat,Cobrança,Péssimo atendimento. Se não resolverem vou cancelar e migrar para o concorrente.,3,6
T001056,C01695,2024-07-19,Telefone,Cobrança,Estou muito insatisfeito. Liguei várias vezes para (11) 98765-4321 e ninguém resolve meu problema.,2,6
T001057,C01696,2023-08-18,Chat,Cobrança,Péssimo atendimento. Se não resolverem vou cancelar e migrar para o concorrente.,3,6
T001058,C01699,2024-03-05,Email,Cobrança,Péssimo atendimento. Se não resolverem vou cancelar e migrar para o concorrente.,1,5
T001059,C01699,2023-12-15,Telefone,Cobrança,Como faço para alterar meu plano? Podem me contatar no c01699@exemplo.com.br.,2,6
T001060,C01699,2025-07-08,Telefone,Dúvida,Como faço para alterar meu plano? Podem me contatar no c01699@exemplo.com.br.,2,6
T001061,C01704,2024-07-23,Telefone,Cobrança,"Preciso atualizar meus dados cadastrais, meu telefone é (31) 99888-7777.",4,8
T001062,C01704,2023-08-22,Chat,Dúvida,"Estou satisfeito com o serviço, tudo funcionando bem.",5,10
T001063,C01706,2023-02-27,Chat,Dúvida,"Muito bom o suporte de vocês, parabéns pela equipe.",5,10
T001064,C01707,2025-03-24,Telefone,Dúvida,"Muito bom o suporte de vocês, parabéns pela equipe.",5,9
T001065,C01711,2023-12-06,Email,Dúvida,Gostaria de tirar uma dúvida sobre a minha fatura deste mês.,2,7
T001066,C01712,2023-07-20,Chat,Dúvida,"Muito bom o suporte de vocês, parabéns pela equipe.",5,9
T001067,C01714,2023-07-09,Email,Cobrança,Já pedi cancelamento e continuam cobrando. Falar com Lucas Ferreira no telefone 21 3344-5566.,3,6
T001068,C01715,2023-01-20,Telefone,Dúvida,"Atendimento excelente, resolveram meu problema rapidamente. Obrigado, Marina Silva!",4,10
T001069,C01716,2023-01-05,Chat,Dúvida,"Estou satisfeito com o serviço, tudo funcionando bem.",4,7
T001070,C01717,2025-07-22,Chat,Dúvida,"Muito bom o suporte de vocês, parabéns pela equipe.",5,10
T001071,C01718,2025-01-27,Email,Dúvida,Como faço para alterar meu plano? Podem me contatar no c01718@exemplo.com.br.,4,5
T001072,C01719,2023-01-16,Chat,Cobrança,Gostaria de tirar uma dúvida sobre a minha fatura deste mês.,4,6
T001073,C01723,2023-08-10,Telefone,Técnico,Já pedi cancelamento e continuam cobrando. Falar com Isabela Moraes no telefone 21 3344-5566.,1,1
T001074,C01725,2024-03-19,Chat,Cobrança,"Preciso atualizar meus dados cadastrais, meu telefone é (31) 99888-7777.",2,5
T001075,C01726,2024-11-10,Telefone,Cancelamento,Péssimo atendimento. Se não resolverem vou cancelar e migrar para o concorrente.,3,6
T001076,C01726,2024-11-02,Chat,Cobrança,Como faço para alterar meu plano? Podem me contatar no c01726@exemplo.com.br.,4,8
T001077,C01730,2025-04-08,Telefone,Técnico,Estou muito insatisfeito. Liguei várias vezes para (11) 98765-4321 e ninguém resolve meu problema.,3,6
T001078,C01730,2023-08-06,Chat,Dúvida,"Muito bom o suporte de vocês, parabéns pela equipe.",5,8
T001079,C01731,2023-01-13,Email,Dúvida,"Estou satisfeito com o serviço, tudo funcionando bem.",4,9
T001080,C01735,2023-03-11,Telefone,Dúvida,Gostaria de tirar uma dúvida sobre a minha fatura deste mês.,3,7
T001081,C01735,2023-03-27,Telefone,Cancelamento,Estou muito insatisfeito. Liguei várias vezes para (11) 98765-4321 e ninguém resolve meu problema.,2,6
T001082,C01737,2023-07-26,Chat,Dúvida,Como faço para alterar meu plano? Podem me contatar no c01737@exemplo.com.br.,3,8
T001083,C01739,2024-05-18,Chat,Dúvida,"Muito bom o suporte de vocês, parabéns pela equipe.",5,10
T001084,C01740,2024-01-21,Telefone,Dúvida,Gostaria de tirar uma dúvida sobre a minha fatura deste mês.,4,7
T001085,C01742,2024-08-01,Telefone,Dúvida,"Estou satisfeito com o serviço, tudo funcionando bem.",5,10
T001086,C01742,2024-09-22,Email,Dúvida,Como faço para alterar meu plano? Podem me contatar no c01742@exemplo.com.br.,4,8
T001087,C01746,2025-03-02,Telefone,Dúvida,"Estou satisfeito com o serviço, tudo funcionando bem.",5,10
T001088,C01748,2023-02-15,Telefone,Cobrança,"Preciso atualizar meus dados cadastrais, meu telefone é (31) 99888-7777.",4,8
T001089,C01750,2025-02-19,Chat,Cancelamento,Péssimo atendimento. Se não resolverem vou cancelar e migrar para o concorrente.,2,6
T001090,C01753,2023-12-27,Telefone,Cobrança,"Preciso atualizar meus dados cadastrais, meu telefone é (31) 99888-7777.",3,6
T001091,C01753,2024-06-25,Email,Dúvida,"Estou satisfeito com o serviço, tudo funcionando bem.",4,7
T001092,C01755,2025-02-24,Chat,Cobrança,Como faço para alterar meu plano? Podem me contatar no c01755@exemplo.com.br.,4,6
T001093,C01758,2024-09-28,Telefone,Técnico,Já pedi cancelamento e continuam cobrando. Falar com Nuno Pereira no telefone 21 3344-5566.,3,6
T001094,C01761,2023-06-26,Chat,Dúvida,"Preciso atualizar meus dados cadastrais, meu telefone é (31) 99888-7777.",2,4
T001095,C01761,2023-03-24,Email,Dúvida,"Atendimento excelente, resolveram meu problema rapidamente. Obrigado, Lucas Souza!",3,6
T001096,C01762,2023-04-16,Email,Cobrança,Gostaria de tirar uma dúvida sobre a minha fatura deste mês.,4,7
T001097,C01762,2023-01-26,Telefone,Cancelamento,Estou muito insatisfeito. Liguei várias vezes para (11) 98765-4321 e ninguém resolve meu problema.,3,6
T001098,C01763,2025-01-13,Telefone,Técnico,Péssimo atendimento. Se não resolverem vou cancelar e migrar para o concorrente.,3,5
T001099,C01767,2024-08-13,Telefone,Dúvida,"Muito bom o suporte de vocês, parabéns pela equipe.",4,8
T001100,C01775,2024-11-24,Chat,Cancelamento,Estou muito insatisfeito. Liguei várias vezes para (11) 98765-4321 e ninguém resolve meu problema.,3,6
T001101,C01778,2023-04-04,Telefone,Cancelamento,Estou muito insatisfeito. Liguei várias vezes para (11) 98765-4321 e ninguém resolve meu problema.,2,3
T001102,C01778,2023-03-21,Email,Cobrança,Já pedi cancelamento e continuam cobrando. Falar com Henrique Araújo no telefone 21 3344-5566.,2,3
T001103,C01779,2023-06-01,Email,Dúvida,"Muito bom o suporte de vocês, parabéns pela equipe.",5,10
T001104,C01780,2023-12-18,Chat,Cobrança,Como faço para alterar meu plano? Podem me contatar no c01780@exemplo.com.br.,4,6
T001105,C01781,2024-12-23,Email,Cobrança,"Preciso atualizar meus dados cadastrais, meu telefone é (31) 99888-7777.",4,8
T001106,C01783,2024-05-28,Chat,Dúvida,"Muito bom o suporte de vocês, parabéns pela equipe.",5,10
T001107,C01784,2023-06-05,Chat,Dúvida,Como faço para alterar meu plano? Podem me contatar no c01784@exemplo.com.br.,3,6
T001108,C01788,2024-10-11,Chat,Dúvida,"Estou satisfeito com o serviço, tudo funcionando bem.",4,10
T001109,C01789,2023-07-12,Chat,Cobrança,"Serviço caindo toda hora, um absurdo. Meu email é c01789@exemplo.com.br e ainda não recebi retorno.",3,6
T001110,C01792,2023-12-24,Chat,Cobrança,Como faço para alterar meu plano? Podem me contatar no c01792@exemplo.com.br.,4,8
T001111,C01793,2025-08-24,Telefone,Cobrança,"Serviço caindo toda hora, um absurdo. Meu email é c01793@exemplo.com.br e ainda não recebi retorno.",2,6
T001112,C01793,2023-05-12,Telefone,Dúvida,Gostaria de tirar uma dúvida sobre a minha fatura deste mês.,2,7
T001113,C01797,2023-02-24,Email,Dúvida,"Muito bom o suporte de vocês, parabéns pela equipe.",5,6
T001114,C01797,2023-09-08,Email,Dúvida,"Atendimento excelente, resolveram meu problema rapidamente. Obrigado, Tiago Moraes!",5,6
T001115,C01801,2023-01-24,Email,Cobrança,Gostaria de tirar uma dúvida sobre a minha fatura deste mês.,3,7
T001116,C01801,2023-02-12,Telefone,Dúvida,"Muito bom o suporte de vocês, parabéns pela equipe.",4,8
T001117,C01803,2023-12-20,Telefone,Dúvida,"Atendimento excelente, resolveram meu problema rapidamente. Obrigado, Gabriela Cardoso!",5,10
T001118,C01803,2024-04-01,Email,Dúvida,"Atendimento excelente, resolveram meu problema rapidamente. Obrigado, Gabriela Cardoso!",5,10
T001119,C01803,2024-05-07,Chat,Dúvida,"Muito bom o suporte de vocês, parabéns pela equipe.",5,10
T001120,C01804,2023-03-21,Chat,Dúvida,"Atendimento excelente, resolveram meu problema rapidamente. Obrigado, Rafael Costa!",5,10
T001121,C01809,2023-09-18,Telefone,Cobrança,Já pedi cancelamento e continuam cobrando. Falar com Diego Araújo no telefone 21 3344-5566.,1,3
T001122,C01809,2024-11-02,Chat,Cobrança,"Serviço caindo toda hora, um absurdo. Meu email é c01809@exemplo.com.br e ainda não recebi retorno.",1,3
T001123,C01810,2023-04-19,Telefone,Dúvida,"Estou satisfeito com o serviço, tudo funcionando bem.",3,8
T001124,C01815,2024-06-03,Telefone,Dúvida,"Muito bom o suporte de vocês, parabéns pela equipe.",3,7
T001125,C01819,2025-04-12,Email,Dúvida,"Estou satisfeito com o serviço, tudo funcionando bem.",3,7
T001126,C01820,2023-02-28,Telefone,Cancelamento,Péssimo atendimento. Se não resolverem vou cancelar e migrar para o concorrente.,1,3
T001127,C01820,2023-10-23,Email,Cobrança,Já pedi cancelamento e continuam cobrando. Falar com Paulo Ribeiro no telefone 21 3344-5566.,2,3
T001128,C01822,2023-03-16,Email,Técnico,Péssimo atendimento. Se não resolverem vou cancelar e migrar para o concorrente.,2,0
T001129,C01825,2024-06-14,Email,Dúvida,"Muito bom o suporte de vocês, parabéns pela equipe.",5,10
T001130,C01825,2025-05-27,Telefone,Dúvida,"Atendimento excelente, resolveram meu problema rapidamente. Obrigado, Karina Almeida!",5,10
T001131,C01826,2023-05-19,Telefone,Dúvida,"Muito bom o suporte de vocês, parabéns pela equipe.",5,8
T001132,C01827,2024-02-03,Chat,Cobrança,Gostaria de tirar uma dúvida sobre a minha fatura deste mês.,4,8
T001133,C01827,2023-05-16,Telefone,Dúvida,Como faço para alterar meu plano? Podem me contatar no c01827@exemplo.com.br.,4,8
T001134,C01827,2023-06-25,Chat,Cobrança,"Serviço caindo toda hora, um absurdo. Meu email é c01827@exemplo.com.br e ainda não recebi retorno.",3,6
T001135,C01830,2025-02-22,Telefone,Dúvida,"Preciso atualizar meus dados cadastrais, meu telefone é (31) 99888-7777.",4,8
T001136,C01830,2023-08-19,Chat,Dúvida,"Atendimento excelente, resolveram meu problema rapidamente. Obrigado, Lucas Pereira!",5,10
T001137,C01834,2023-03-21,Email,Dúvida,"Preciso atualizar meus dados cadastrais, meu telefone é (31) 99888-7777.",4,7
T001138,C01834,2023-12-20,Telefone,Dúvida,"Estou satisfeito com o serviço, tudo funcionando bem.",5,8
T001139,C01835,2024-02-17,Telefone,Dúvida,"Muito bom o suporte de vocês, parabéns pela equipe.",5,9
T001140,C01835,2023-11-10,Chat,Técnico,"Serviço caindo toda hora, um absurdo. Meu email é c01835@exemplo.com.br e ainda não recebi retorno.",3,6
T001141,C01836,2024-09-02,Email,Dúvida,"Muito bom o suporte de vocês, parabéns pela equipe.",5,10
T001142,C01838,2023-03-24,Chat,Técnico,Já pedi cancelamento e continuam cobrando. Falar com Olívia Melo no telefone 21 3344-5566.,2,2
T001143,C01838,2023-04-28,Telefone,Cobrança,Já pedi cancelamento e continuam cobrando. Falar com Olívia Melo no telefone 21 3344-5566.,1,2
T001144,C01839,2023-03-20,Telefone,Cobrança,"Serviço caindo toda hora, um absurdo. Meu email é c01839@exemplo.com.br e ainda não recebi retorno.",3,6
T001145,C01839,2025-01-25,Chat,Dúvida,Gostaria de tirar uma dúvida sobre a minha fatura deste mês.,3,8
T001146,C01839,2024-07-24,Email,Técnico,Estou muito insatisfeito. Liguei várias vezes para (11) 98765-4321 e ninguém resolve meu problema.,2,6
T001147,C01846,2025-03-25,Email,Cobrança,"Serviço caindo toda hora, um absurdo. Meu email é c01846@exemplo.com.br e ainda não recebi retorno.",3,6
T001148,C01846,2024-03-22,Chat,Cancelamento,"Serviço caindo toda hora, um absurdo. Meu email é c01846@exemplo.com.br e ainda não recebi retorno.",3,6
T001149,C01847,2024-12-09,Telefone,Cancelamento,Já pedi cancelamento e continuam cobrando. Falar com Lucas Santos no telefone 21 3344-5566.,2,6
T001150,C01847,2023-05-24,Email,Dúvida,"Atendimento excelente, resolveram meu problema rapidamente. Obrigado, Lucas Santos!",4,10
T001151,C01848,2024-01-12,Chat,Dúvida,Como faço para alterar meu plano? Podem me contatar no c01848@exemplo.com.br.,2,6
T001152,C01851,2025-06-04,Email,Dúvida,"Atendimento excelente, resolveram meu problema rapidamente. Obrigado, Nuno Santos!",4,9
T001153,C01852,2024-07-24,Telefone,Cobrança,"Serviço caindo toda hora, um absurdo. Meu email é c01852@exemplo.com.br e ainda não recebi retorno.",1,5
T001154,C01854,2023-11-05,Chat,Cobrança,Como faço para alterar meu plano? Podem me contatar no c01854@exemplo.com.br.,2,5
T001155,C01855,2025-04-27,Chat,Dúvida,"Estou satisfeito com o serviço, tudo funcionando bem.",4,8
T001156,C01855,2025-07-23,Telefone,Dúvida,Como faço para alterar meu plano? Podem me contatar no c01855@exemplo.com.br.,3,7
T001157,C01856,2023-08-17,Chat,Cobrança,Como faço para alterar meu plano? Podem me contatar no c01856@exemplo.com.br.,4,8
T001158,C01856,2023-05-05,Email,Cobrança,Gostaria de tirar uma dúvida sobre a minha fatura deste mês.,4,8
T001159,C01858,2023-10-27,Chat,Cobrança,Estou muito insatisfeito. Liguei várias vezes para (11) 98765-4321 e ninguém resolve meu problema.,3,6
T001160,C01861,2024-05-14,Chat,Cancelamento,Já pedi cancelamento e continuam cobrando. Falar com Rafael Melo no telefone 21 3344-5566.,3,5
T001161,C01861,2025-06-02,Chat,Dúvida,Gostaria de tirar uma dúvida sobre a minha fatura deste mês.,4,6
T001162,C01863,2024-07-06,Chat,Dúvida,"Estou satisfeito com o serviço, tudo funcionando bem.",5,10
T001163,C01864,2024-11-14,Telefone,Técnico,Estou muito insatisfeito. Liguei várias vezes para (11) 98765-4321 e ninguém resolve meu problema.,3,6
T001164,C01866,2025-02-17,Email,Dúvida,"Atendimento excelente, resolveram meu problema rapidamente. Obrigado, Quezia Lima!",5,8
T001165,C01867,2023-06-15,Chat,Dúvida,"Atendimento excelente, resolveram meu problema rapidamente. Obrigado, Tiago Cardoso!",5,10
T001166,C01869,2023-07-10,Telefone,Cancelamento,Estou muito insatisfeito. Liguei várias vezes para (11) 98765-4321 e ninguém resolve meu problema.,3,6
T001167,C01874,2023-09-02,Telefone,Cobrança,Como faço para alterar meu plano? Podem me contatar no c01874@exemplo.com.br.,4,8
T001168,C01877,2023-09-25,Chat,Técnico,"Serviço caindo toda hora, um absurdo. Meu email é c01877@exemplo.com.br e ainda não recebi retorno.",2,1
T001169,C01877,2024-11-24,Telefone,Cancelamento,Péssimo atendimento. Se não resolverem vou cancelar e migrar para o concorrente.,2,1
T001170,C01878,2023-11-21,Email,Cancelamento,Já pedi cancelamento e continuam cobrando. Falar com Isabela Melo no telefone 21 3344-5566.,3,6
T001171,C01878,2023-10-05,Telefone,Dúvida,"Estou satisfeito com o serviço, tudo funcionando bem.",5,8
T001172,C01879,2023-09-04,Chat,Cobrança,Péssimo atendimento. Se não resolverem vou cancelar e migrar para o concorrente.,1,4
T001173,C01880,2024-12-05,Email,Cobrança,Gostaria de tirar uma dúvida sobre a minha fatura deste mês.,4,8
T001174,C01880,2023-08-13,Email,Cancelamento,Péssimo atendimento. Se não resolverem vou cancelar e migrar para o concorrente.,3,6
T001175,C01882,2023-09-19,Chat,Cobrança,Péssimo atendimento. Se não resolverem vou cancelar e migrar para o concorrente.,2,6
T001176,C01882,2024-09-26,Email,Cancelamento,"Serviço caindo toda hora, um absurdo. Meu email é c01882@exemplo.com.br e ainda não recebi retorno.",1,6
T001177,C01883,2023-07-06,Email,Dúvida,Gostaria de tirar uma dúvida sobre a minha fatura deste mês.,4,5
T001178,C01883,2023-05-17,Email,Cobrança,Estou muito insatisfeito. Liguei várias vezes para (11) 98765-4321 e ninguém resolve meu problema.,3,4
T001179,C01888,2023-02-19,Telefone,Dúvida,Gostaria de tirar uma dúvida sobre a minha fatura deste mês.,4,8
T001180,C01888,2023-03-09,Email,Dúvida,"Muito bom o suporte de vocês, parabéns pela equipe.",5,10
T001181,C01889,2023-04-16,Chat,Dúvida,"Muito bom o suporte de vocês, parabéns pela equipe.",5,7
T001182,C01889,2023-03-12,Telefone,Dúvida,"Estou satisfeito com o serviço, tudo funcionando bem.",5,7
T001183,C01890,2023-04-01,Email,Dúvida,"Estou satisfeito com o serviço, tudo funcionando bem.",4,10
T001184,C01891,2023-11-06,Email,Cobrança,Já pedi cancelamento e continuam cobrando. Falar com Isabela Carvalho no telefone 21 3344-5566.,1,2
T001185,C01893,2023-11-07,Chat,Cobrança,"Serviço caindo toda hora, um absurdo. Meu email é c01893@exemplo.com.br e ainda não recebi retorno.",2,6
T001186,C01894,2023-03-20,Email,Cobrança,Como faço para alterar meu plano? Podem me contatar no c01894@exemplo.com.br.,4,8
T001187,C01895,2023-05-27,Chat,Dúvida,"Estou satisfeito com o serviço, tudo funcionando bem.",5,8
T001188,C01895,2024-03-03,Chat,Dúvida,"Estou satisfeito com o serviço, tudo funcionando bem.",5,8
T001189,C01898,2024-01-12,Email,Cobrança,"Preciso atualizar meus dados cadastrais, meu telefone é (31) 99888-7777.",4,8
T001190,C01899,2024-06-21,Telefone,Dúvida,Gostaria de tirar uma dúvida sobre a minha fatura deste mês.,4,6
T001191,C01904,2024-11-09,Email,Dúvida,"Estou satisfeito com o serviço, tudo funcionando bem.",5,8
T001192,C01905,2023-02-10,Telefone,Dúvida,"Atendimento excelente, resolveram meu problema rapidamente. Obrigado, Bruno Ribeiro!",5,7
T001193,C01906,2023-10-06,Email,Cancelamento,Péssimo atendimento. Se não resolverem vou cancelar e migrar para o concorrente.,2,6
T001194,C01907,2023-05-17,Telefone,Cobrança,Gostaria de tirar uma dúvida sobre a minha fatura deste mês.,4,7
T001195,C01909,2023-08-07,Chat,Dúvida,Gostaria de tirar uma dúvida sobre a minha fatura deste mês.,3,8
T001196,C01914,2025-02-27,Telefone,Técnico,Péssimo atendimento. Se não resolverem vou cancelar e migrar para o concorrente.,1,5
T001197,C01915,2023-01-27,Chat,Técnico,Estou muito insatisfeito. Liguei várias vezes para (11) 98765-4321 e ninguém resolve meu problema.,2,5
T001198,C01915,2023-01-10,Email,Cobrança,Gostaria de tirar uma dúvida sobre a minha fatura deste mês.,3,6
T001199,C01915,2023-01-21,Chat,Cancelamento,Estou muito insatisfeito. Liguei várias vezes para (11) 98765-4321 e ninguém resolve meu problema.,2,5
T001200,C01920,2023-12-07,Telefone,Cobrança,"Preciso atualizar meus dados cadastrais, meu telefone é (31) 99888-7777.",3,7
T001201,C01920,2024-12-12,Chat,Dúvida,"Atendimento excelente, resolveram meu problema rapidamente. Obrigado, Elaine Rocha!",4,8
T001202,C01923,2024-05-16,Chat,Cancelamento,Péssimo atendimento. Se não resolverem vou cancelar e migrar para o concorrente.,1,5
T001203,C01924,2023-03-26,Telefone,Dúvida,Como faço para alterar meu plano? Podem me contatar no c01924@exemplo.com.br.,2,6
T001204,C01925,2024-05-22,Email,Dúvida,Como faço para alterar meu plano? Podem me contatar no c01925@exemplo.com.br.,4,8
T001205,C01926,2023-09-11,Email,Dúvida,Como faço para alterar meu plano? Podem me contatar no c01926@exemplo.com.br.,4,8
T001206,C01929,2024-10-05,Telefone,Técnico,Estou muito insatisfeito. Liguei várias vezes para (11) 98765-4321 e ninguém resolve meu problema.,3,6
T001207,C01929,2023-05-12,Telefone,Dúvida,"Atendimento excelente, resolveram meu problema rapidamente. Obrigado, Quezia Almeida!",5,8
T001208,C01930,2025-05-09,Chat,Cobrança,"Preciso atualizar meus dados cadastrais, meu telefone é (31) 99888-7777.",4,4
T001209,C01930,2023-11-17,Chat,Cobrança,Como faço para alterar meu plano? Podem me contatar no c01930@exemplo.com.br.,4,4
T001210,C01930,2023-07-13,Telefone,Cancelamento,"Serviço caindo toda hora, um absurdo. Meu email é c01930@exemplo.com.br e ainda não recebi retorno.",3,3
T001211,C01931,2024-01-22,Chat,Técnico,Péssimo atendimento. Se não resolverem vou cancelar e migrar para o concorrente.,2,0
T001212,C01932,2023-02-26,Telefone,Técnico,Já pedi cancelamento e continuam cobrando. Falar com Marina Melo no telefone 21 3344-5566.,1,5
T001213,C01934,2023-04-12,Chat,Dúvida,"Preciso atualizar meus dados cadastrais, meu telefone é (31) 99888-7777.",3,8
T001214,C01934,2024-03-23,Telefone,Técnico,Já pedi cancelamento e continuam cobrando. Falar com Elaine Souza no telefone 21 3344-5566.,2,6
T001215,C01936,2025-04-13,Email,Cobrança,Como faço para alterar meu plano? Podem me contatar no c01936@exemplo.com.br.,4,5
T001216,C01937,2024-11-14,Chat,Cobrança,Péssimo atendimento. Se não resolverem vou cancelar e migrar para o concorrente.,3,6
T001217,C01937,2024-03-05,Chat,Dúvida,"Atendimento excelente, resolveram meu problema rapidamente. Obrigado, Paulo Martins!",5,10
T001218,C01941,2025-03-06,Telefone,Cobrança,"Serviço caindo toda hora, um absurdo. Meu email é c01941@exemplo.com.br e ainda não recebi retorno.",2,6
T001219,C01941,2024-12-08,Telefone,Dúvida,"Atendimento excelente, resolveram meu problema rapidamente. Obrigado, Marina Santos!",4,8
T001220,C01943,2024-04-17,Telefone,Cancelamento,Já pedi cancelamento e continuam cobrando. Falar com João Almeida no telefone 21 3344-5566.,3,5
T001221,C01945,2024-05-28,Email,Técnico,Já pedi cancelamento e continuam cobrando. Falar com Diego Martins no telefone 21 3344-5566.,3,6
T001222,C01946,2023-01-12,Email,Dúvida,Como faço para alterar meu plano? Podem me contatar no c01946@exemplo.com.br.,4,8
T001223,C01946,2024-01-10,Chat,Dúvida,"Preciso atualizar meus dados cadastrais, meu telefone é (31) 99888-7777.",4,8
T001224,C01947,2025-03-14,Telefone,Dúvida,"Estou satisfeito com o serviço, tudo funcionando bem.",5,10
T001225,C01948,2024-04-13,Telefone,Cobrança,"Preciso atualizar meus dados cadastrais, meu telefone é (31) 99888-7777.",4,5
T001226,C01949,2023-06-26,Email,Técnico,"Serviço caindo toda hora, um absurdo. Meu email é c01949@exemplo.com.br e ainda não recebi retorno.",3,3
T001227,C01955,2025-08-03,Telefone,Dúvida,"Estou satisfeito com o serviço, tudo funcionando bem.",4,9
T001228,C01959,2023-09-08,Chat,Técnico,"Serviço caindo toda hora, um absurdo. Meu email é c01959@exemplo.com.br e ainda não recebi retorno.",2,2
T001229,C01963,2023-06-15,Chat,Dúvida,Como faço para alterar meu plano? Podem me contatar no c01963@exemplo.com.br.,4,6
T001230,C01963,2023-07-24,Chat,Cobrança,"Preciso atualizar meus dados cadastrais, meu telefone é (31) 99888-7777.",4,6
T001231,C01963,2023-02-15,Telefone,Cobrança,"Preciso atualizar meus dados cadastrais, meu telefone é (31) 99888-7777.",4,6
T001232,C01965,2023-07-25,Chat,Dúvida,Gostaria de tirar uma dúvida sobre a minha fatura deste mês.,4,8
T001233,C01965,2023-11-01,Chat,Cobrança,Gostaria de tirar uma dúvida sobre a minha fatura deste mês.,4,8
T001234,C01966,2024-01-12,Telefone,Cobrança,Estou muito insatisfeito. Liguei várias vezes para (11) 98765-4321 e ninguém resolve meu problema.,3,6
T001235,C01968,2023-11-11,Chat,Técnico,Já pedi cancelamento e continuam cobrando. Falar com Isabela Lima no telefone 21 3344-5566.,3,6
T001236,C01969,2024-09-28,Chat,Cancelamento,Já pedi cancelamento e continuam cobrando. Falar com Tiago Ribeiro no telefone 21 3344-5566.,1,4
T001237,C01974,2023-02-21,Telefone,Dúvida,"Muito bom o suporte de vocês, parabéns pela equipe.",4,7
T001238,C01975,2023-12-05,Chat,Dúvida,Gostaria de tirar uma dúvida sobre a minha fatura deste mês.,4,8
T001239,C01983,2024-11-22,Telefone,Dúvida,"Muito bom o suporte de vocês, parabéns pela equipe.",4,10
T001240,C01984,2023-12-18,Telefone,Dúvida,"Atendimento excelente, resolveram meu problema rapidamente. Obrigado, Rafael Rocha!",5,10
T001241,C01984,2023-06-20,Email,Dúvida,Como faço para alterar meu plano? Podem me contatar no c01984@exemplo.com.br.,4,8
T001242,C01985,2024-08-12,Email,Cobrança,Gostaria de tirar uma dúvida sobre a minha fatura deste mês.,4,8
T001243,C01986,2024-06-03,Email,Cancelamento,Péssimo atendimento. Se não resolverem vou cancelar e migrar para o concorrente.,3,6
T001244,C01991,2024-01-16,Email,Dúvida,"Atendimento excelente, resolveram meu problema rapidamente. Obrigado, Felipe Santos!",4,9
T001245,C01993,2024-03-27,Email,Cobrança,Péssimo atendimento. Se não resolverem vou cancelar e migrar para o concorrente.,3,6
T001246,C01993,2024-07-24,Email,Cancelamento,Estou muito insatisfeito. Liguei várias vezes para (11) 98765-4321 e ninguém resolve meu problema.,3,6
T001247,C01993,2023-02-20,Email,Cobrança,Já pedi cancelamento e continuam cobrando. Falar com Ana Pereira no telefone 21 3344-5566.,3,6
T001248,C01995,2023-04-15,Chat,Técnico,"Serviço caindo toda hora, um absurdo. Meu email é c01995@exemplo.com.br e ainda não recebi retorno.",3,6
T001249,C01996,2024-06-03,Email,Dúvida,"Estou satisfeito com o serviço, tudo funcionando bem.",3,6
T001250,C01998,2024-08-16,Telefone,Dúvida,"Estou satisfeito com o serviço, tudo funcionando bem.",5,9
T001251,C01999,2023-05-08,Email,Dúvida,"Preciso atualizar meus dados cadastrais, meu telefone é (31) 99888-7777.",4,8
T001252,C01999,2023-11-22,Chat,Cancelamento,Já pedi cancelamento e continuam cobrando. Falar com Elaine Teixeira no telefone 21 3344-5566.,3,6
